[
  {
    "Name": "当前生命值",
    "ArgName": "hp",
    "Percent": false,
    "Tip": ""
  },
  {
    "Name": "最大生命值",
    "ArgName": "maxhp",
    "Percent": false,
    "Tip": ""
  },
  {
    "Name": "当前攻击力",
    "ArgName": "atk",
    "Percent": false,
    "Tip": ""
  },
  {
    "Name": "基础攻击力",
    "ArgName": "atkb",
    "Percent": false,
    "Tip": "不会重新计算攻击力，仅对buff类有效"
  },
  {
    "Name": "防御力",
    "ArgName": "def",
    "Percent": false,
    "Tip": "似乎不起作用"
  },
  {
    "Name": "元素精通",
    "ArgName": "em",
    "Percent": false,
    "Tip": ""
  },
  {
    "Name": "暴击率",
    "ArgName": "crate",
    "Percent": true,
    "Tip": ""
  },
  {
    "Name": "暴击伤害",
    "ArgName": "cdmg",
    "Percent": true,
    "Tip": ""
  },
  {
    "Name": "治疗加成",
    "ArgName": "heal",
    "Percent": true,
    "Tip": ""
  },
  {
    "Name": "受治疗加成",
    "ArgName": "heali",
    "Percent": true,
    "Tip": ""
  },
  {
    "Name": "元素充能效率",
    "ArgName": "er",
    "Percent": true,
    "Tip": ""
  },
  {
    "Name": "冷却缩减",
    "ArgName": "cdr",
    "Percent": true,
    "Tip": ""
  },
  {
    "Name": "护盾强效",
    "ArgName": "shield",
    "Percent": true,
    "Tip": ""
  },
  {
    "Name": "火元素伤害加成",
    "ArgName": "epyro",
    "Percent": true,
    "Tip": ""
  },
  {
    "Name": "火元素抗性",
    "ArgName": "respyro",
    "Percent": true,
    "Tip": ""
  },
  {
    "Name": "水元素伤害加成",
    "ArgName": "ehydro",
    "Percent": true,
    "Tip": ""
  },
  {
    "Name": "水元素抗性",
    "ArgName": "reshydro",
    "Percent": true,
    "Tip": ""
  },
  {
    "Name": "草元素伤害加成",
    "ArgName": "edendro",
    "Percent": true,
    "Tip": ""
  },
  {
    "Name": "草元素抗性",
    "ArgName": "resdendro",
    "Percent": true,
    "Tip": ""
  },
  {
    "Name": "雷元素伤害加成",
    "ArgName": "eelectro",
    "Percent": true,
    "Tip": ""
  },
  {
    "Name": "雷元素抗性",
    "ArgName": "reselectro",
    "Percent": true,
    "Tip": ""
  },
  {
    "Name": "风元素伤害加成",
    "ArgName": "eanemo",
    "Percent": true,
    "Tip": ""
  },
  {
    "Name": "风元素抗性",
    "ArgName": "resanemo",
    "Percent": true,
    "Tip": ""
  },
  {
    "Name": "冰元素伤害加成",
    "ArgName": "ecryo",
    "Percent": true,
    "Tip": ""
  },
  {
    "Name": "冰元素抗性",
    "ArgName": "rescryo",
    "Percent": true,
    "Tip": ""
  },
  {
    "Name": "岩元素伤害加成",
    "ArgName": "egeo",
    "Percent": true,
    "Tip": ""
  },
  {
    "Name": "岩元素抗性",
    "ArgName": "resgeo",
    "Percent": true,
    "Tip": ""
  },
  {
    "Name": "物理伤害加成",
    "ArgName": "ephys",
    "Percent": true,
    "Tip": ""
  },
  {
    "Name": "物理抗性",
    "ArgName": "resphys",
    "Percent": true,
    "Tip": ""
  },
  {
    "Name": "伤害提高",
    "ArgName": "dmg",
    "Percent": true,
    "Tip": "不同于伤害加成"
  },
  {
    "Name": "受伤减免",
    "ArgName": "resall",
    "Percent": true,
    "Tip": "不同于抗性"
  },
  {
    "Name": "忽略防御",
    "ArgName": "defi",
    "Percent": true,
    "Tip": "似乎不起作用"
  }
]
