[{"id":"10000001","name":"凯特","element":"Electric"},{"id":"10000002","name":"神里绫华","element":"Ice"},{"id":"10000003","name":"琴","element":"Wind"},{"id":"10000006","name":"丽莎","element":"Electric"},{"id":"10000014","name":"芭芭拉","element":"Water"},{"id":"10000015","name":"凯亚","element":"Ice"},{"id":"10000016","name":"迪卢克","element":"Fire"},{"id":"10000020","name":"雷泽","element":"Electric"},{"id":"10000021","name":"安柏","element":"Fire"},{"id":"10000022","name":"温迪","element":"Wind"},{"id":"10000023","name":"香菱","element":"Fire"},{"id":"10000024","name":"北斗","element":"Electric"},{"id":"10000025","name":"行秋","element":"Water"},{"id":"10000026","name":"魈","element":"Wind"},{"id":"10000027","name":"凝光","element":"Rock"},{"id":"10000029","name":"可莉","element":"Fire"},{"id":"10000030","name":"钟离","element":"Rock"},{"id":"10000031","name":"菲谢尔","element":"Electric"},{"id":"10000032","name":"班尼特","element":"Fire"},{"id":"10000033","name":"达达利亚","element":"Water"},{"id":"10000034","name":"诺艾尔","element":"Rock"},{"id":"10000035","name":"七七","element":"Ice"},{"id":"10000036","name":"重云","element":"Ice"},{"id":"10000037","name":"甘雨","element":"Ice"},{"id":"10000038","name":"阿贝多","element":"Rock"},{"id":"10000039","name":"迪奥娜","element":"Ice"},{"id":"10000041","name":"莫娜","element":"Water"},{"id":"10000042","name":"刻晴","element":"Electric"},{"id":"10000043","name":"砂糖","element":"Wind"},{"id":"10000044","name":"辛焱","element":"Fire"},{"id":"10000045","name":"罗莎莉亚","element":"Ice"},{"id":"10000046","name":"胡桃","element":"Fire"},{"id":"10000047","name":"枫原万叶","element":"Wind"},{"id":"10000048","name":"烟绯","element":"Fire"},{"id":"10000049","name":"宵宫","element":"Fire"},{"id":"10000050","name":"托马","element":"Fire"},{"id":"10000051","name":"优菈","element":"Ice"},{"id":"10000052","name":"雷电将军","element":"Electric"},{"id":"10000053","name":"早柚","element":"Wind"},{"id":"10000054","name":"珊瑚宫心海","element":"Water"},{"id":"10000055","name":"五郎","element":"Rock"},{"id":"10000056","name":"九条裟罗","element":"Electric"},{"id":"10000057","name":"荒泷一斗","element":"Rock"},{"id":"10000058","name":"八重神子","element":"Electric"},{"id":"10000062","name":"埃洛伊","element":"Ice"},{"id":"10000063","name":"申鹤","element":"Ice"},{"id":"10000064","name":"云堇","element":"Rock"},{"id":"10000066","name":"神里绫人","element":"Water"}]