{"1000":{"HP":{"normal":10001,"percent":10002},"攻击":{"normal":10003,"percent":10004},"防御":{"normal":10005,"percent":10006},"充能效率":{"normal":10007},"元素精通":{"normal":10008},"火元素抗性":{"normal":10009},"雷元素抗性":{"normal":10010},"冰元素抗性":{"normal":10011},"水元素抗性":{"normal":10012},"风元素抗性":{"normal":10013},"岩元素抗性":{"normal":10014},"草元素抗性":{"normal":10015}},"1095":{"元素精通":{"normal":10950}},"1096":{"充能效率":{"normal":10960}},"1097":{"防御":{"percent":10970}},"1098":{"HP":{"percent":10980}},"1099":{"攻击":{"percent":10990}},"2000":{"攻击":{"normal":12001}},"3000":{"HP":{"normal":13001,"percent":13002},"攻击":{"normal":13003,"percent":13004},"防御":{"normal":13005,"percent":13006},"暴击率":{"normal":13007},"暴击伤害":{"normal":13008},"治疗加成":{"normal":13009},"元素精通":{"normal":13010}},"3093":{"元素精通":{"normal":30930}},"3094":{"治疗加成":{"normal":30940}},"3095":{"暴击伤害":{"normal":30950}},"3096":{"暴击率":{"normal":30960}},"3097":{"防御":{"percent":30970}},"3098":{"HP":{"percent":30980}},"3099":{"攻击":{"percent":30990}},"4000":{"HP":{"normal":14001}},"5000":{"HP":{"normal":15001,"percent":15002},"攻击":{"normal":15003,"percent":15004},"防御":{"normal":15005,"percent":15006},"元素精通":{"normal":15007},"火伤加成":{"normal":15008},"雷伤加成":{"normal":15009},"冰伤加成":{"normal":15010},"水伤加成":{"normal":15011},"风伤加成":{"normal":15012},"岩伤加成":{"normal":15013},"草伤加成":{"normal":15014},"物伤加成":{"normal":15015}},"5088":{"元素精通":{"normal":50880}},"5089":{"物伤加成":{"normal":50890}},"5090":{"草伤加成":{"normal":50900}},"5091":{"岩伤加成":{"normal":50910}},"5092":{"风伤加成":{"normal":50920}},"5093":{"水伤加成":{"normal":50930}},"5094":{"冰伤加成":{"normal":50940}},"5095":{"雷伤加成":{"normal":50950}},"5096":{"火伤加成":{"normal":50960}},"5097":{"防御":{"percent":50970}},"5098":{"HP":{"percent":50980}},"5099":{"攻击":{"percent":50990}}}