[{"id":"20010101","name":"草史莱姆","type":0},{"id":"20010201","name":"大型草史莱姆","type":0},{"id":"20010202","name":"大型草史莱姆","type":0},{"id":"20010301","name":"风史莱姆","type":0},{"id":"20010401","name":"大型风史莱姆","type":0},{"id":"20010403","name":"大型风史莱姆","type":0},{"id":"20010501","name":"雷史莱姆","type":0},{"id":"20010601","name":"大型雷史莱姆","type":0},{"id":"20010604","name":"大型雷史莱姆","type":0},{"id":"20010701","name":"变异雷史莱姆","type":0},{"id":"20010702","name":"变异雷史莱姆","type":0},{"id":"20010801","name":"冰史莱姆","type":0},{"id":"20010802","name":"冰史莱姆","type":0},{"id":"20010901","name":"大型冰史莱姆","type":0},{"id":"20010902","name":"大型冰史莱姆","type":0},{"id":"20010904","name":"大型冰史莱姆","type":0},{"id":"20011001","name":"水史莱姆","type":0},{"id":"20011101","name":"大型水史莱姆","type":0},{"id":"20011103","name":"大型水史莱姆","type":0},{"id":"20011601","name":"无相之水·召唤物","type":0},{"id":"20011701","name":"无相之水·召唤物","type":0},{"id":"20011801","name":"无相之水·召唤物","type":0},{"id":"20011901","name":"无相之水·召唤物","type":0},{"id":"20020101","name":"狂风之核","type":0},{"id":"20040101","name":"无相之雷","type":1},{"id":"20040102","name":"无相之雷","type":1},{"id":"20040201","name":"无相之风","type":1},{"id":"20040202","name":"无相之风","type":1},{"id":"20040301","name":"无相之岩","type":1},{"id":"20040302","name":"无相之岩","type":1},{"id":"20040401","name":"无相之水","type":1},{"id":"20040501","name":"无相之冰","type":1},{"id":"20040601","name":"无相之火","type":1},{"id":"20050101","name":"纯水精灵","type":1},{"id":"20050102","name":"纯水精灵","type":1},{"id":"20050201","name":"幻形豕兽·水","type":0},{"id":"20050202","name":"幻形豕兽·水","type":0},{"id":"20050203","name":"幻形豕兽·水","type":0},{"id":"21010101","name":"丘丘人","type":0},{"id":"21020101","name":"木盾丘丘暴徒","type":0},{"id":"21020201","name":"火斧丘丘暴徒","type":0},{"id":"21020202","name":"火斧丘丘暴徒","type":0},{"id":"21020301","name":"岩盾丘丘暴徒","type":0},{"id":"21020401","name":"丘丘霜铠王","type":0},{"id":"21020501","name":"丘丘岩盔王","type":0},{"id":"21020601","name":"冰盾丘丘暴徒","type":0},{"id":"21020701","name":"雷斧丘丘暴徒","type":0},{"id":"21020703","name":"雷斧丘丘暴徒","type":0},{"id":"21020801","name":"丘丘雷兜王","type":0},{"id":"29010101","name":"裂空的魔龙","type":1},{"id":"29010102","name":"裂空的魔龙","type":1},{"id":"29010103","name":"裂空的魔龙","type":1},{"id":"29010104","name":"裂空的魔龙","type":1},{"id":"29020101","name":"北风的王狼，奔狼的领主","type":1},{"id":"29020102","name":"北风的王狼，奔狼的领主","type":1},{"id":"29030103","name":"「公子」","type":1},{"id":"29030106","name":"「公子」","type":1},{"id":"29040101","name":"若陀龙王","type":1},{"id":"29040102","name":"若陀龙王","type":1},{"id":"29040103","name":"若陀龙王","type":1},{"id":"29040104","name":"若陀龙王","type":1},{"id":"29040111","name":"若陀龙王","type":1},{"id":"29050102","name":"「女士」","type":1},{"id":"29050104","name":"「女士」","type":1},{"id":"29060202","name":"祸津御建鸣神命","type":1},{"id":"29060203","name":"祸津御建鸣神命","type":1}]