[{"id":10001,"name":"行者之心","contains":{"3":[{"id":51310,"name":"(杯)异国之盏","main":5000,"append":301},{"id":51320,"name":"(羽)归乡之羽","main":2000,"append":301},{"id":51330,"name":"(头)感别之冠","main":3000,"append":301},{"id":51340,"name":"(花)故人之心","main":4000,"append":301},{"id":51350,"name":"(沙)逐光之石","main":1000,"append":301}],"4":[{"id":51410,"name":"(杯)异国之盏","main":5000,"append":401},{"id":51420,"name":"(羽)归乡之羽","main":2000,"append":401},{"id":51430,"name":"(头)感别之冠","main":3000,"append":401},{"id":51440,"name":"(花)故人之心","main":4000,"append":401},{"id":51450,"name":"(沙)逐光之石","main":1000,"append":401}]}},{"id":10002,"name":"勇士之心","contains":{"3":[{"id":52310,"name":"(杯)勇士的壮行","main":5000,"append":301},{"id":52320,"name":"(羽)勇士的期许","main":2000,"append":301},{"id":52330,"name":"(头)勇士的冠冕","main":3000,"append":301},{"id":52340,"name":"(花)勇士的勋章","main":4000,"append":301},{"id":52350,"name":"(沙)勇士的坚毅","main":1000,"append":301}],"4":[{"id":52410,"name":"(杯)勇士的壮行","main":5000,"append":401},{"id":52420,"name":"(羽)勇士的期许","main":2000,"append":401},{"id":52430,"name":"(头)勇士的冠冕","main":3000,"append":401},{"id":52440,"name":"(花)勇士的勋章","main":4000,"append":401},{"id":52450,"name":"(沙)勇士的坚毅","main":1000,"append":401}]}},{"id":10003,"name":"守护之心","contains":{"3":[{"id":53310,"name":"(杯)守护之皿","main":5000,"append":301},{"id":53320,"name":"(羽)守护徽印","main":2000,"append":301},{"id":53330,"name":"(头)守护束带","main":3000,"append":301},{"id":53340,"name":"(花)守护之花","main":4000,"append":301},{"id":53350,"name":"(沙)守护座钟","main":1000,"append":301}],"4":[{"id":53410,"name":"(杯)守护之皿","main":5000,"append":401},{"id":53420,"name":"(羽)守护徽印","main":2000,"append":401},{"id":53430,"name":"(头)守护束带","main":3000,"append":401},{"id":53440,"name":"(花)守护之花","main":4000,"append":401},{"id":53450,"name":"(沙)守护座钟","main":1000,"append":401}]}},{"id":10004,"name":"奇迹","contains":{"3":[{"id":54310,"name":"(杯)奇迹之杯","main":5000,"append":301},{"id":54320,"name":"(羽)奇迹之羽","main":2000,"append":301},{"id":54330,"name":"(头)奇迹耳坠","main":3000,"append":301},{"id":54340,"name":"(花)奇迹之花","main":4000,"append":301},{"id":54350,"name":"(沙)奇迹之沙","main":1000,"append":301}],"4":[{"id":54410,"name":"(杯)奇迹之杯","main":5000,"append":401},{"id":54420,"name":"(羽)奇迹之羽","main":2000,"append":401},{"id":54430,"name":"(头)奇迹耳坠","main":3000,"append":401},{"id":54440,"name":"(花)奇迹之花","main":4000,"append":401},{"id":54450,"name":"(沙)奇迹之沙","main":1000,"append":401}]}},{"id":10005,"name":"战狂","contains":{"3":[{"id":55310,"name":"(杯)战狂的骨杯","main":5000,"append":301},{"id":55320,"name":"(羽)战狂的翎羽","main":2000,"append":301},{"id":55330,"name":"(头)战狂的鬼面","main":3000,"append":301},{"id":55340,"name":"(花)战狂的蔷薇","main":4000,"append":301},{"id":55350,"name":"(沙)战狂的时计","main":1000,"append":301}],"4":[{"id":55410,"name":"(杯)战狂的骨杯","main":5000,"append":401},{"id":55420,"name":"(羽)战狂的翎羽","main":2000,"append":401},{"id":55430,"name":"(头)战狂的鬼面","main":3000,"append":401},{"id":55440,"name":"(花)战狂的蔷薇","main":4000,"append":401},{"id":55450,"name":"(沙)战狂的时计","main":1000,"append":401}]}},{"id":10006,"name":"武人","contains":{"3":[{"id":56310,"name":"(杯)武人的酒杯","main":5000,"append":301},{"id":56320,"name":"(羽)武人的羽饰","main":2000,"append":301},{"id":56330,"name":"(头)武人的头巾","main":3000,"append":301},{"id":56340,"name":"(花)武人的红花","main":4000,"append":301},{"id":56350,"name":"(沙)武人的水漏","main":1000,"append":301}],"4":[{"id":56410,"name":"(杯)武人的酒杯","main":5000,"append":401},{"id":56420,"name":"(羽)武人的羽饰","main":2000,"append":401},{"id":56430,"name":"(头)武人的头巾","main":3000,"append":401},{"id":56440,"name":"(花)武人的红花","main":4000,"append":401},{"id":56450,"name":"(沙)武人的水漏","main":1000,"append":401}]}},{"id":10007,"name":"教官","contains":{"3":[{"id":57310,"name":"(杯)教官的茶杯","main":5000,"append":301},{"id":57320,"name":"(羽)教官的羽饰","main":2000,"append":301},{"id":57330,"name":"(头)教官的帽子","main":3000,"append":301},{"id":57340,"name":"(花)教官的胸花","main":4000,"append":301},{"id":57350,"name":"(沙)教官的怀表","main":1000,"append":301}],"4":[{"id":57410,"name":"(杯)教官的茶杯","main":5000,"append":401},{"id":57420,"name":"(羽)教官的羽饰","main":2000,"append":401},{"id":57430,"name":"(头)教官的帽子","main":3000,"append":401},{"id":57440,"name":"(花)教官的胸花","main":4000,"append":401},{"id":57450,"name":"(沙)教官的怀表","main":1000,"append":401}]}},{"id":10008,"name":"赌徒","contains":{"3":[{"id":58310,"name":"(杯)赌徒的骰盅","main":5000,"append":301},{"id":58320,"name":"(羽)赌徒的羽饰","main":2000,"append":301},{"id":58330,"name":"(头)赌徒的耳环","main":3000,"append":301},{"id":58340,"name":"(花)赌徒的胸花","main":4000,"append":301},{"id":58350,"name":"(沙)赌徒的怀表","main":1000,"append":301}],"4":[{"id":58410,"name":"(杯)赌徒的骰盅","main":5000,"append":401},{"id":58420,"name":"(羽)赌徒的羽饰","main":2000,"append":401},{"id":58430,"name":"(头)赌徒的耳环","main":3000,"append":401},{"id":58440,"name":"(花)赌徒的胸花","main":4000,"append":401},{"id":58450,"name":"(沙)赌徒的怀表","main":1000,"append":401}]}},{"id":10009,"name":"流放者","contains":{"3":[{"id":59310,"name":"(杯)流放者之杯","main":5000,"append":301},{"id":59320,"name":"(羽)流放者之羽","main":2000,"append":301},{"id":59330,"name":"(头)流放者头冠","main":3000,"append":301},{"id":59340,"name":"(花)流放者之花","main":4000,"append":301},{"id":59350,"name":"(沙)流放者怀表","main":1000,"append":301}],"4":[{"id":59410,"name":"(杯)流放者之杯","main":5000,"append":401},{"id":59420,"name":"(羽)流放者之羽","main":2000,"append":401},{"id":59430,"name":"(头)流放者头冠","main":3000,"append":401},{"id":59440,"name":"(花)流放者之花","main":4000,"append":401},{"id":59450,"name":"(沙)流放者怀表","main":1000,"append":401}]}},{"id":10010,"name":"冒险家","contains":{"1":[{"id":60110,"name":"(杯)冒险家金杯","main":5000,"append":101},{"id":60120,"name":"(羽)冒险家尾羽","main":2000,"append":101},{"id":60130,"name":"(头)冒险家头带","main":3000,"append":101},{"id":60140,"name":"(花)冒险家之花","main":4000,"append":101},{"id":60150,"name":"(沙)冒险家怀表","main":1000,"append":101}],"2":[{"id":60210,"name":"(杯)冒险家金杯","main":5000,"append":201},{"id":60220,"name":"(羽)冒险家尾羽","main":2000,"append":201},{"id":60230,"name":"(头)冒险家头带","main":3000,"append":201},{"id":60240,"name":"(花)冒险家之花","main":4000,"append":201},{"id":60250,"name":"(沙)冒险家怀表","main":1000,"append":201}],"3":[{"id":60310,"name":"(杯)冒险家金杯","main":5000,"append":301},{"id":60320,"name":"(羽)冒险家尾羽","main":2000,"append":301},{"id":60330,"name":"(头)冒险家头带","main":3000,"append":301},{"id":60340,"name":"(花)冒险家之花","main":4000,"append":301},{"id":60350,"name":"(沙)冒险家怀表","main":1000,"append":301}]}},{"id":10011,"name":"幸运儿","contains":{"1":[{"id":61110,"name":"(杯)幸运儿之杯","main":5000,"append":101},{"id":61120,"name":"(羽)幸运儿鹰羽","main":2000,"append":101},{"id":61130,"name":"(头)幸运儿银冠","main":3000,"append":101},{"id":61140,"name":"(花)幸运儿绿花","main":4000,"append":101},{"id":61150,"name":"(沙)幸运儿沙漏","main":1000,"append":101}],"2":[{"id":61210,"name":"(杯)幸运儿之杯","main":5000,"append":201},{"id":61220,"name":"(羽)幸运儿鹰羽","main":2000,"append":201},{"id":61230,"name":"(头)幸运儿银冠","main":3000,"append":201},{"id":61240,"name":"(花)幸运儿绿花","main":4000,"append":201},{"id":61250,"name":"(沙)幸运儿沙漏","main":1000,"append":201}],"3":[{"id":61310,"name":"(杯)幸运儿之杯","main":5000,"append":301},{"id":61320,"name":"(羽)幸运儿鹰羽","main":2000,"append":301},{"id":61330,"name":"(头)幸运儿银冠","main":3000,"append":301},{"id":61340,"name":"(花)幸运儿绿花","main":4000,"append":301},{"id":61350,"name":"(沙)幸运儿沙漏","main":1000,"append":301}]}},{"id":10012,"name":"学士","contains":{"3":[{"id":62310,"name":"(杯)学士的墨杯","main":5000,"append":301},{"id":62320,"name":"(羽)学士的羽笔","main":2000,"append":301},{"id":62330,"name":"(头)学士的镜片","main":3000,"append":301},{"id":62340,"name":"(花)学士的书签","main":4000,"append":301},{"id":62350,"name":"(沙)学士的时钟","main":1000,"append":301}],"4":[{"id":62410,"name":"(杯)学士的墨杯","main":5000,"append":401},{"id":62420,"name":"(羽)学士的羽笔","main":2000,"append":401},{"id":62430,"name":"(头)学士的镜片","main":3000,"append":401},{"id":62440,"name":"(花)学士的书签","main":4000,"append":401},{"id":62450,"name":"(沙)学士的时钟","main":1000,"append":401}]}},{"id":10013,"name":"游医","contains":{"1":[{"id":63110,"name":"(杯)游医的药壶","main":5000,"append":101},{"id":63120,"name":"(羽)游医的枭羽","main":2000,"append":101},{"id":63130,"name":"(头)游医的方巾","main":3000,"append":101},{"id":63140,"name":"(花)游医的银莲","main":4000,"append":101},{"id":63150,"name":"(沙)游医的怀钟","main":1000,"append":101}],"2":[{"id":63210,"name":"(杯)游医的药壶","main":5000,"append":201},{"id":63220,"name":"(羽)游医的枭羽","main":2000,"append":201},{"id":63230,"name":"(头)游医的方巾","main":3000,"append":201},{"id":63240,"name":"(花)游医的银莲","main":4000,"append":201},{"id":63250,"name":"(沙)游医的怀钟","main":1000,"append":201}],"3":[{"id":63310,"name":"(杯)游医的药壶","main":5000,"append":301},{"id":63320,"name":"(羽)游医的枭羽","main":2000,"append":301},{"id":63330,"name":"(头)游医的方巾","main":3000,"append":301},{"id":63340,"name":"(花)游医的银莲","main":4000,"append":301},{"id":63350,"name":"(沙)游医的怀钟","main":1000,"append":301}]}},{"id":14001,"name":"冰风迷途的勇士","contains":{"4":[{"id":71410,"name":"(杯)遍结寒霜的傲骨","main":5000,"append":401},{"id":71420,"name":"(羽)摧冰而行的执望","main":2000,"append":401},{"id":71430,"name":"(头)破冰踏雪的回音","main":3000,"append":401},{"id":71440,"name":"(花)历经风雪的思念","main":4000,"append":401},{"id":71450,"name":"(沙)冰雪故园的终期","main":1000,"append":401}],"5":[{"id":71510,"name":"(杯)遍结寒霜的傲骨","main":5000,"append":501},{"id":71520,"name":"(羽)摧冰而行的执望","main":2000,"append":501},{"id":71530,"name":"(头)破冰踏雪的回音","main":3000,"append":501},{"id":71540,"name":"(花)历经风雪的思念","main":4000,"append":501},{"id":71550,"name":"(沙)冰雪故园的终期","main":1000,"append":501}]}},{"id":14002,"name":"平息鸣雷的尊者","contains":{"4":[{"id":72410,"name":"(杯)平雷之器","main":5000,"append":401},{"id":72420,"name":"(羽)平雷之羽","main":2000,"append":401},{"id":72430,"name":"(头)平雷之冠","main":3000,"append":401},{"id":72440,"name":"(花)平雷之心","main":4000,"append":401},{"id":72450,"name":"(沙)平雷之刻","main":1000,"append":401}],"5":[{"id":72510,"name":"(杯)平雷之器","main":5000,"append":501},{"id":72520,"name":"(羽)平雷之羽","main":2000,"append":501},{"id":72530,"name":"(头)平雷之冠","main":3000,"append":501},{"id":72540,"name":"(花)平雷之心","main":4000,"append":501},{"id":72550,"name":"(沙)平雷之刻","main":1000,"append":501}]}},{"id":14003,"name":"渡过烈火的贤人","contains":{"4":[{"id":73410,"name":"(杯)渡火者的醒悟","main":5000,"append":401},{"id":73420,"name":"(羽)渡火者的解脱","main":2000,"append":401},{"id":73430,"name":"(头)渡火者的智慧","main":3000,"append":401},{"id":73440,"name":"(花)渡火者的决绝","main":4000,"append":401},{"id":73450,"name":"(沙)渡火者的煎熬","main":1000,"append":401}],"5":[{"id":73510,"name":"(杯)渡火者的醒悟","main":5000,"append":501},{"id":73520,"name":"(羽)渡火者的解脱","main":2000,"append":501},{"id":73530,"name":"(头)渡火者的智慧","main":3000,"append":501},{"id":73540,"name":"(花)渡火者的决绝","main":4000,"append":501},{"id":73550,"name":"(沙)渡火者的煎熬","main":1000,"append":501}]}},{"id":14004,"name":"被怜爱的少女","contains":{"4":[{"id":74410,"name":"(杯)少女片刻的闲暇","main":5000,"append":401},{"id":74420,"name":"(羽)少女飘摇的思念","main":2000,"append":401},{"id":74430,"name":"(头)少女易逝的芳颜","main":3000,"append":401},{"id":74440,"name":"(花)远方的少女之心","main":4000,"append":401},{"id":74450,"name":"(沙)少女苦短的良辰","main":1000,"append":401}],"5":[{"id":74510,"name":"(杯)少女片刻的闲暇","main":5000,"append":501},{"id":74520,"name":"(羽)少女飘摇的思念","main":2000,"append":501},{"id":74530,"name":"(头)少女易逝的芳颜","main":3000,"append":501},{"id":74540,"name":"(花)远方的少女之心","main":4000,"append":501},{"id":74550,"name":"(沙)少女苦短的良辰","main":1000,"append":501}]}},{"id":15001,"name":"角斗士的终幕礼","contains":{"4":[{"id":75410,"name":"(杯)角斗士的酣醉","main":5000,"append":401},{"id":75420,"name":"(羽)角斗士的归宿","main":2000,"append":401},{"id":75430,"name":"(头)角斗士的凯旋","main":3000,"append":401},{"id":75440,"name":"(花)角斗士的留恋","main":4000,"append":401},{"id":75450,"name":"(沙)角斗士的希冀","main":1000,"append":401}],"5":[{"id":75510,"name":"(杯)角斗士的酣醉","main":5000,"append":501},{"id":75520,"name":"(羽)角斗士的归宿","main":2000,"append":501},{"id":75530,"name":"(头)角斗士的凯旋","main":3000,"append":501},{"id":75540,"name":"(花)角斗士的留恋","main":4000,"append":501},{"id":75550,"name":"(沙)角斗士的希冀","main":1000,"append":501}]}},{"id":15002,"name":"翠绿之影","contains":{"4":[{"id":76410,"name":"(杯)翠绿猎人的容器","main":5000,"append":401},{"id":76420,"name":"(羽)猎人青翠的箭羽","main":2000,"append":401},{"id":76430,"name":"(头)翠绿的猎人之冠","main":3000,"append":401},{"id":76440,"name":"(花)野花记忆的绿野","main":4000,"append":401},{"id":76450,"name":"(沙)翠绿猎人的笃定","main":1000,"append":401}],"5":[{"id":76510,"name":"(杯)翠绿猎人的容器","main":5000,"append":501},{"id":76520,"name":"(羽)猎人青翠的箭羽","main":2000,"append":501},{"id":76530,"name":"(头)翠绿的猎人之冠","main":3000,"append":501},{"id":76540,"name":"(花)野花记忆的绿野","main":4000,"append":501},{"id":76550,"name":"(沙)翠绿猎人的笃定","main":1000,"append":501}]}},{"id":15003,"name":"流浪大地的乐团","contains":{"4":[{"id":77410,"name":"(杯)吟游者之壶","main":5000,"append":401},{"id":77420,"name":"(羽)琴师的箭羽","main":2000,"append":401},{"id":77430,"name":"(头)指挥的礼帽","main":3000,"append":401},{"id":77440,"name":"(花)乐团的晨光","main":4000,"append":401},{"id":77450,"name":"(沙)终幕的时计","main":1000,"append":401}],"5":[{"id":77510,"name":"(杯)吟游者之壶","main":5000,"append":501},{"id":77520,"name":"(羽)琴师的箭羽","main":2000,"append":501},{"id":77530,"name":"(头)指挥的礼帽","main":3000,"append":501},{"id":77540,"name":"(花)乐团的晨光","main":4000,"append":501},{"id":77550,"name":"(沙)终幕的时计","main":1000,"append":501}]}},{"id":15004,"name":"冰之川与雪之砂","contains":{"6":[{"id":78340,"name":"凛冬霜心","main":4000,"append":301},{"id":78320,"name":"雪藏之羽","main":2000,"append":301},{"id":78350,"name":"凝冰成砂","main":1000,"append":301},{"id":78310,"name":"北风之盏","main":5000,"append":301},{"id":78330,"name":"冰河之冠","main":3000,"append":301}]}},{"id":15005,"name":"如雷的盛怒","contains":{"4":[{"id":79410,"name":"(杯)降雷的凶兆","main":5000,"append":401},{"id":79420,"name":"(羽)雷灾的孑遗","main":2000,"append":401},{"id":79430,"name":"(头)唤雷的头冠","main":3000,"append":401},{"id":79440,"name":"(花)雷鸟的怜悯","main":4000,"append":401},{"id":79450,"name":"(沙)雷霆的时计","main":1000,"append":401}],"5":[{"id":79510,"name":"(杯)降雷的凶兆","main":5000,"append":501},{"id":79520,"name":"(羽)雷灾的孑遗","main":2000,"append":501},{"id":79530,"name":"(头)唤雷的头冠","main":3000,"append":501},{"id":79540,"name":"(花)雷鸟的怜悯","main":4000,"append":501},{"id":79550,"name":"(沙)雷霆的时计","main":1000,"append":501}]}},{"id":15006,"name":"炽烈的炎之魔女","contains":{"4":[{"id":80410,"name":"(杯)魔女的心之火","main":5000,"append":401},{"id":80420,"name":"(羽)魔女常燃之羽","main":2000,"append":401},{"id":80430,"name":"(头)焦灼的魔女帽","main":3000,"append":401},{"id":80440,"name":"(花)魔女的炎之花","main":4000,"append":401},{"id":80450,"name":"(沙)魔女破灭之时","main":1000,"append":401}],"5":[{"id":80510,"name":"(杯)魔女的心之火","main":5000,"append":501},{"id":80520,"name":"(羽)魔女常燃之羽","main":2000,"append":501},{"id":80530,"name":"(头)焦灼的魔女帽","main":3000,"append":501},{"id":80540,"name":"(花)魔女的炎之花","main":4000,"append":501},{"id":80550,"name":"(沙)魔女破灭之时","main":1000,"append":501}]}},{"id":15007,"name":"昔日宗室之仪","contains":{"4":[{"id":81410,"name":"(杯)宗室银瓮","main":5000,"append":401},{"id":81420,"name":"(羽)宗室之翎","main":2000,"append":401},{"id":81430,"name":"(头)宗室面具","main":3000,"append":401},{"id":81440,"name":"(花)宗室之花","main":4000,"append":401},{"id":81450,"name":"(沙)宗室时计","main":1000,"append":401}],"5":[{"id":81510,"name":"(杯)宗室银瓮","main":5000,"append":501},{"id":81520,"name":"(羽)宗室之翎","main":2000,"append":501},{"id":81530,"name":"(头)宗室面具","main":3000,"append":501},{"id":81540,"name":"(花)宗室之花","main":4000,"append":501},{"id":81550,"name":"(沙)宗室时计","main":1000,"append":501}]}},{"id":15008,"name":"染血的骑士道","contains":{"4":[{"id":82410,"name":"(杯)染血骑士之杯","main":5000,"append":401},{"id":82420,"name":"(羽)染血的黑之羽","main":2000,"append":401},{"id":82430,"name":"(头)染血的铁假面","main":3000,"append":401},{"id":82440,"name":"(花)染血的铁之心","main":4000,"append":401},{"id":82450,"name":"(沙)骑士染血之时","main":1000,"append":401}],"5":[{"id":82510,"name":"(杯)染血骑士之杯","main":5000,"append":501},{"id":82520,"name":"(羽)染血的黑之羽","main":2000,"append":501},{"id":82530,"name":"(头)染血的铁假面","main":3000,"append":501},{"id":82540,"name":"(花)染血的铁之心","main":4000,"append":501},{"id":82550,"name":"(沙)骑士染血之时","main":1000,"append":501}]}},{"id":15009,"name":"祭火之人","contains":{"3":[{"id":83330,"name":"(头)祭火礼冠","main":3000,"append":301}],"4":[{"id":83430,"name":"(头)祭火礼冠","main":3000,"append":401}]}},{"id":15010,"name":"祭水之人","contains":{"3":[{"id":84330,"name":"(头)祭水礼冠","main":3000,"append":301}],"4":[{"id":84430,"name":"(头)祭水礼冠","main":3000,"append":401}]}},{"id":15011,"name":"祭雷之人","contains":{"3":[{"id":85330,"name":"(头)祭雷礼冠","main":3000,"append":301}],"4":[{"id":85430,"name":"(头)祭雷礼冠","main":3000,"append":401}]}},{"id":15012,"name":"祭风之人","contains":{"6":[{"id":86330,"name":"祭风礼冠","main":3000,"append":301}]}},{"id":15013,"name":"祭冰之人","contains":{"3":[{"id":87330,"name":"(头)祭冰礼冠","main":3000,"append":301}],"4":[{"id":87430,"name":"(头)祭冰礼冠","main":3000,"append":401}]}},{"id":15014,"name":"悠古的磐岩","contains":{"4":[{"id":88410,"name":"(杯)巉岩琢塑之樽","main":5000,"append":401},{"id":88420,"name":"(羽)嵯峨群峰之翼","main":2000,"append":401},{"id":88430,"name":"(头)不动玄石之相","main":3000,"append":401},{"id":88440,"name":"(花)磐陀裂生之花","main":4000,"append":401},{"id":88450,"name":"(沙)星罗圭璧之晷","main":1000,"append":401}],"5":[{"id":88510,"name":"(杯)巉岩琢塑之樽","main":5000,"append":501},{"id":88520,"name":"(羽)嵯峨群峰之翼","main":2000,"append":501},{"id":88530,"name":"(头)不动玄石之相","main":3000,"append":501},{"id":88540,"name":"(花)磐陀裂生之花","main":4000,"append":501},{"id":88550,"name":"(沙)星罗圭璧之晷","main":1000,"append":501}]}},{"id":15015,"name":"逆飞的流星","contains":{"4":[{"id":89410,"name":"(杯)夏祭水玉","main":5000,"append":401},{"id":89420,"name":"(羽)夏祭终末","main":2000,"append":401},{"id":89430,"name":"(头)夏祭之面","main":3000,"append":401},{"id":89440,"name":"(花)夏祭之花","main":4000,"append":401},{"id":89450,"name":"(沙)夏祭之刻","main":1000,"append":401}],"5":[{"id":89510,"name":"(杯)夏祭水玉","main":5000,"append":501},{"id":89520,"name":"(羽)夏祭终末","main":2000,"append":501},{"id":89530,"name":"(头)夏祭之面","main":3000,"append":501},{"id":89540,"name":"(花)夏祭之花","main":4000,"append":501},{"id":89550,"name":"(沙)夏祭之刻","main":1000,"append":501}]}},{"id":15016,"name":"沉沦之心","contains":{"4":[{"id":90410,"name":"(杯)沉波之盏","main":5000,"append":401},{"id":90420,"name":"(羽)追忆之风","main":2000,"append":401},{"id":90430,"name":"(头)酒渍船帽","main":3000,"append":401},{"id":90440,"name":"(花)饰金胸花","main":4000,"append":401},{"id":90450,"name":"(沙)坚铜罗盘","main":1000,"append":401}],"5":[{"id":90510,"name":"(杯)沉波之盏","main":5000,"append":501},{"id":90520,"name":"(羽)追忆之风","main":2000,"append":501},{"id":90530,"name":"(头)酒渍船帽","main":3000,"append":501},{"id":90540,"name":"(花)饰金胸花","main":4000,"append":501},{"id":90550,"name":"(沙)坚铜罗盘","main":1000,"append":501}]}},{"id":15017,"name":"千岩牢固","contains":{"4":[{"id":91410,"name":"(杯)盟誓金爵","main":5000,"append":401},{"id":91420,"name":"(羽)昭武翎羽","main":2000,"append":401},{"id":91430,"name":"(头)将帅兜鍪","main":3000,"append":401},{"id":91440,"name":"(花)勋绩之花","main":4000,"append":401},{"id":91450,"name":"(沙)金铜时晷","main":1000,"append":401}],"5":[{"id":91510,"name":"(杯)盟誓金爵","main":5000,"append":501},{"id":91520,"name":"(羽)昭武翎羽","main":2000,"append":501},{"id":91530,"name":"(头)将帅兜鍪","main":3000,"append":501},{"id":91540,"name":"(花)勋绩之花","main":4000,"append":501},{"id":91550,"name":"(沙)金铜时晷","main":1000,"append":501}]}},{"id":15018,"name":"苍白之火","contains":{"4":[{"id":92410,"name":"(杯)超越之盏","main":5000,"append":401},{"id":92420,"name":"(羽)贤医之羽","main":2000,"append":401},{"id":92430,"name":"(头)嗤笑之面","main":3000,"append":401},{"id":92440,"name":"(花)无垢之花","main":4000,"append":401},{"id":92450,"name":"(沙)停摆之刻","main":1000,"append":401}],"5":[{"id":92510,"name":"(杯)超越之盏","main":5000,"append":501},{"id":92520,"name":"(羽)贤医之羽","main":2000,"append":501},{"id":92530,"name":"(头)嗤笑之面","main":3000,"append":501},{"id":92540,"name":"(花)无垢之花","main":4000,"append":501},{"id":92550,"name":"(沙)停摆之刻","main":1000,"append":501}]}},{"id":15019,"name":"追忆之注连","contains":{"4":[{"id":93413,"name":"(杯)祈望之心","main":5000,"append":401},{"id":93423,"name":"(羽)思忆之矢","main":2000,"append":401},{"id":93433,"name":"(头)无常之面","main":3000,"append":401},{"id":93443,"name":"(花)羁缠之花","main":4000,"append":401},{"id":93453,"name":"(沙)朝露之时","main":1000,"append":401}],"5":[{"id":93513,"name":"(杯)祈望之心","main":5000,"append":501},{"id":93523,"name":"(羽)思忆之矢","main":2000,"append":501},{"id":93533,"name":"(头)无常之面","main":3000,"append":501},{"id":93543,"name":"(花)羁缠之花","main":4000,"append":501},{"id":93553,"name":"(沙)朝露之时","main":1000,"append":501}]}},{"id":15020,"name":"绝缘之旗印","contains":{"4":[{"id":94413,"name":"(杯)绯花之壶","main":5000,"append":401},{"id":94423,"name":"(羽)切落之羽","main":2000,"append":401},{"id":94433,"name":"(头)华饰之兜","main":3000,"append":401},{"id":94443,"name":"(花)明威之镡","main":4000,"append":401},{"id":94453,"name":"(沙)雷云之笼","main":1000,"append":401}],"5":[{"id":94513,"name":"(杯)绯花之壶","main":5000,"append":501},{"id":94523,"name":"(羽)切落之羽","main":2000,"append":501},{"id":94533,"name":"(头)华饰之兜","main":3000,"append":501},{"id":94543,"name":"(花)明威之镡","main":4000,"append":501},{"id":94553,"name":"(沙)雷云之笼","main":1000,"append":501}]}},{"id":15021,"name":"华馆梦醒形骸记","contains":{"4":[{"id":95413,"name":"(杯)梦醒之瓢","main":5000,"append":401},{"id":95423,"name":"(羽)华馆之羽","main":2000,"append":401},{"id":95433,"name":"(头)形骸之笠","main":3000,"append":401},{"id":95443,"name":"(花)荣花之期","main":4000,"append":401},{"id":95453,"name":"(沙)众生之谣","main":1000,"append":401}],"5":[{"id":95513,"name":"(杯)梦醒之瓢","main":5000,"append":501},{"id":95523,"name":"(羽)华馆之羽","main":2000,"append":501},{"id":95533,"name":"(头)形骸之笠","main":3000,"append":501},{"id":95543,"name":"(花)荣花之期","main":4000,"append":501},{"id":95553,"name":"(沙)众生之谣","main":1000,"append":501}]}},{"id":15022,"name":"海染砗磲","contains":{"4":[{"id":96413,"name":"(杯)真珠之笼","main":5000,"append":401},{"id":96423,"name":"(羽)渊宫之羽","main":2000,"append":401},{"id":96433,"name":"(头)海祇之冠","main":3000,"append":401},{"id":96443,"name":"(花)海染之花","main":4000,"append":401},{"id":96453,"name":"(沙)离别之贝","main":1000,"append":401}],"5":[{"id":96513,"name":"(杯)真珠之笼","main":5000,"append":501},{"id":96523,"name":"(羽)渊宫之羽","main":2000,"append":501},{"id":96533,"name":"(头)海祇之冠","main":3000,"append":501},{"id":96543,"name":"(花)海染之花","main":4000,"append":501},{"id":96553,"name":"(沙)离别之贝","main":1000,"append":501}]}},{"id":15023,"name":"辰砂往生录","contains":{"4":[{"id":97413,"name":"(杯)结契之刻","main":5000,"append":401},{"id":97423,"name":"(羽)潜光片羽","main":2000,"append":401},{"id":97433,"name":"(头)虺雷之姿","main":3000,"append":401},{"id":97443,"name":"(花)生灵之华","main":4000,"append":401},{"id":97453,"name":"(沙)阳辔之遗","main":1000,"append":401}],"5":[{"id":97513,"name":"(杯)结契之刻","main":5000,"append":501},{"id":97523,"name":"(羽)潜光片羽","main":2000,"append":501},{"id":97533,"name":"(头)虺雷之姿","main":3000,"append":501},{"id":97543,"name":"(花)生灵之华","main":4000,"append":501},{"id":97553,"name":"(沙)阳辔之遗","main":1000,"append":501}]}},{"id":15024,"name":"来歆余响","contains":{"4":[{"id":98413,"name":"(杯)涌泉之盏","main":5000,"append":401},{"id":98423,"name":"(羽)垂玉之叶","main":2000,"append":401},{"id":98433,"name":"(头)浮溯之珏","main":3000,"append":401},{"id":98443,"name":"(花)魂香之花","main":4000,"append":401},{"id":98453,"name":"(沙)祝祀之凭","main":1000,"append":401}],"5":[{"id":98513,"name":"(杯)涌泉之盏","main":5000,"append":501},{"id":98523,"name":"(羽)垂玉之叶","main":2000,"append":501},{"id":98533,"name":"(头)浮溯之珏","main":3000,"append":501},{"id":98543,"name":"(花)魂香之花","main":4000,"append":501},{"id":98553,"name":"(沙)祝祀之凭","main":1000,"append":501}]}},{"id":15000,"contains":{"6":[{"id":99340,"name":"高天的风之主花","main":4000,"append":301},{"id":99320,"name":"高天的风之主羽","main":2000,"append":301},{"id":99350,"name":"高天的风之主沙","main":1000,"append":301},{"id":99310,"name":"高天的风之主杯","main":5000,"append":301},{"id":99330,"name":"高天的风之主冠","main":3000,"append":301}]}}]