[{"id":10000001,"name":"Kate","element":"Electric"},{"id":10000002,"name":"Kamisato Ayaka","element":"Ice"},{"id":10000003,"name":"Jean","element":"Wind"},{"id":10000006,"name":"Lisa","element":"Electric"},{"id":10000014,"name":"Barbara","element":"Water"},{"id":10000015,"name":"Kaeya","element":"Ice"},{"id":10000016,"name":"Diluc","element":"Fire"},{"id":10000020,"name":"Razor","element":"Electric"},{"id":10000021,"name":"Amber","element":"Fire"},{"id":10000022,"name":"Venti","element":"Wind"},{"id":10000023,"name":"Xiangling","element":"Fire"},{"id":10000024,"name":"Beidou","element":"Electric"},{"id":10000025,"name":"Xingqiu","element":"Water"},{"id":10000026,"name":"Xiao","element":"Wind"},{"id":10000027,"name":"Ningguang","element":"Rock"},{"id":10000029,"name":"Klee","element":"Fire"},{"id":10000030,"name":"Zhongli","element":"Rock"},{"id":10000031,"name":"Fischl","element":"Electric"},{"id":10000032,"name":"Bennett","element":"Fire"},{"id":10000033,"name":"Tartaglia","element":"Water"},{"id":10000034,"name":"Noelle","element":"Rock"},{"id":10000035,"name":"Qiqi","element":"Ice"},{"id":10000036,"name":"Chongyun","element":"Ice"},{"id":10000037,"name":"Ganyu","element":"Ice"},{"id":10000038,"name":"Albedo","element":"Rock"},{"id":10000039,"name":"Diona","element":"Ice"},{"id":10000041,"name":"Mona","element":"Water"},{"id":10000042,"name":"Keqing","element":"Electric"},{"id":10000043,"name":"Sucrose","element":"Wind"},{"id":10000044,"name":"Xinyan","element":"Fire"},{"id":10000045,"name":"Rosaria","element":"Ice"},{"id":10000046,"name":"Hu Tao","element":"Fire"},{"id":10000047,"name":"Kaedehara Kazuha","element":"Wind"},{"id":10000048,"name":"Yanfei","element":"Fire"},{"id":10000049,"name":"Yoimiya","element":"Fire"},{"id":10000050,"name":"Thoma","element":"Fire"},{"id":10000051,"name":"Eula","element":"Ice"},{"id":10000052,"name":"Raiden Shogun","element":"Electric"},{"id":10000053,"name":"Sayu","element":"Wind"},{"id":10000054,"name":"Sangonomiya Kokomi","element":"Water"},{"id":10000055,"name":"Gorou","element":"Rock"},{"id":10000056,"name":"Kujou Sara","element":"Electric"},{"id":10000057,"name":"Arataki Itto","element":"Rock"},{"id":10000058,"name":"Yae Miko","element":"Electric"},{"id":10000062,"name":"Aloy","element":"Ice"},{"id":10000063,"name":"Shenhe","element":"Ice"},{"id":10000064,"name":"Yun Jin","element":"Rock"},{"id":10000066,"name":"Kamisato Ayato","element":"Water"}]