[{"id":"20010101","name":"Dendro Slime","type":0},{"id":"20010201","name":"Large Dendro Slime","type":0},{"id":"20010202","name":"","type":0},{"id":"20010301","name":"Anemo Slime","type":0},{"id":"20010302","name":"Anemo Slime (Mechanicus)","type":0},{"id":"20010401","name":"Large Anemo Slime","type":0},{"id":"20010402","name":"Large Anemo Slime (Mechanicus)","type":0},{"id":"20010403","name":"","type":0},{"id":"20010501","name":"Electro Slime","type":0},{"id":"20010502","name":"Electro Slime (Mechanicus)","type":0},{"id":"20010601","name":"Large Electro Slime","type":0},{"id":"20010602","name":"Large Electro Slime (Mechanicus)","type":0},{"id":"20010604","name":"","type":0},{"id":"20010701","name":"Mutant Electro Slime","type":0},{"id":"20010702","name":"","type":0},{"id":"20010703","name":"Mutant Electro Slime (Mechanicus)","type":0},{"id":"20010801","name":"Cryo Slime","type":0},{"id":"20010802","name":"Cryo Slime - Dragonspine Event","type":0},{"id":"20010803","name":"Cryo Slime (Mechanicus)","type":0},{"id":"20010901","name":"Large Cryo Slime","type":0},{"id":"20010902","name":"Large Cryo Slime - Snowy Mountain Event","type":0},{"id":"20010903","name":"Large Cryo Slime (Mechanicus)","type":0},{"id":"20010904","name":"","type":0},{"id":"20011001","name":"Hydro Slime","type":0},{"id":"20011002","name":"Hydro Slime (Mechanicus)","type":0},{"id":"20011101","name":"Large Hydro Slime","type":0},{"id":"20011102","name":"Large Hydro Slime (Mechanicus)","type":0},{"id":"20011103","name":"","type":0},{"id":"20011201","name":"Pyro Slime","type":0},{"id":"20011202","name":"Pyro Slime","type":0},{"id":"20011203","name":"Pyro Slime (Mechanicus)","type":0},{"id":"20011301","name":"Large Pyro Slime","type":0},{"id":"20011302","name":"Large Pyro Slime (Mechanicus)","type":0},{"id":"20011304","name":"","type":0},{"id":"20011401","name":"Geo Slime","type":0},{"id":"20011402","name":"Geo Slime (Mechanicus)","type":0},{"id":"20011501","name":"Large Geo Slime","type":0},{"id":"20011502","name":"","type":0},{"id":"20011503","name":"Large Geo Slime (Mechanicus)","type":0},{"id":"20011601","name":"Hydro Hypostasis Summon: Split (L)","type":0},{"id":"20011701","name":"Hydro Hypostasis Summon: Split (S)","type":0},{"id":"20011801","name":"Hydro Hypostasis Summon: Self-Destruct","type":0},{"id":"20011901","name":"Hydro Hypostasis Summon: Heal","type":0},{"id":"20020101","name":"Eye of the Storm","type":0},{"id":"20040101","name":"Electro Hypostasis - Aleph","type":1},{"id":"20040102","name":"(Event) Electro Hypostasis - Aleph","type":1},{"id":"20040201","name":"Anemo Hypostasis - Beth","type":1},{"id":"20040202","name":"(Event) Anemo Hypostasis - Beth","type":1},{"id":"20040301","name":"Geo Hypostasis: Gimel","type":1},{"id":"20040302","name":"(Event) Geo Hypostasis - Gimel","type":1},{"id":"20040401","name":"Hydro Hypostasis","type":1},{"id":"20040501","name":"Cryo Hypostasis - Daleth","type":1},{"id":"20040601","name":"Pyro Hypostasis: Ayin","type":1},{"id":"20050101","name":"Oceanid","type":1},{"id":"20050102","name":"Oceanid (Main Body)","type":1},{"id":"20050201","name":"Oceanid Boar","type":0},{"id":"20050202","name":"Oceanid Boar (Enhanced)","type":0},{"id":"20050203","name":"","type":0},{"id":"20050301","name":"Oceanid Crane","type":0},{"id":"20050302","name":"","type":0},{"id":"20050401","name":"Oceanid Crab","type":0},{"id":"20050402","name":"Oceanid Crab (Enhanced)","type":0},{"id":"20050403","name":"","type":0},{"id":"20050501","name":"Oceanid Finch","type":0},{"id":"20050502","name":"","type":0},{"id":"20050601","name":"Oceanid Mallard","type":0},{"id":"20050602","name":"Oceanid Mallard (Landwalker Version)","type":0},{"id":"20050603","name":"","type":0},{"id":"20050701","name":"Oceanid Ferret","type":0},{"id":"20050702","name":"Oceanid Ferret (Enhanced)","type":0},{"id":"20050703","name":"","type":0},{"id":"20050801","name":"Oceanid Frog","type":0},{"id":"20050802","name":"","type":0},{"id":"20050901","name":"Oceanid Raptor","type":0},{"id":"20060101","name":"Hydro Specter","type":0},{"id":"20060201","name":"Geo Specter","type":0},{"id":"20060301","name":"Anemo Specter","type":0},{"id":"20060401","name":"null","type":0},{"id":"20060501","name":"null","type":0},{"id":"20060601","name":"null","type":0},{"id":"20070101","name":"Thunder Manifestation","type":1},{"id":"21010101","name":"Hilichurl","type":0},{"id":"21010102","name":"Hilichurl (Mechanicus)","type":0},{"id":"21010201","name":"Hilichurl Fighter","type":0},{"id":"21010301","name":"Wooden Shield Hilichurl Guard","type":0},{"id":"21010302","name":"Wooden Shield Hilichurl Guard (Mechanicus)","type":0},{"id":"21010401","name":"Hilichurl Shooter","type":0},{"id":"21010402","name":"Test_Varied Hilichurl Shooter","type":0},{"id":"21010501","name":"Pyro Hilichurl Shooter","type":0},{"id":"21010502","name":"Test_Varied Pyro Hilichurl Shooter","type":0},{"id":"21010601","name":"Hilichurl Grenadier","type":0},{"id":"21010603","name":"","type":0},{"id":"21010701","name":"Hilichurl Berserker","type":0},{"id":"21010702","name":"Hilichurl Berserker (Mechanicus)","type":0},{"id":"21010901","name":"Cryo Hilichurl Shooter","type":0},{"id":"21010902","name":"Test_Varied Cryo Hilichurl Shooter","type":0},{"id":"21011001","name":"Electro Hilichurl Shooter","type":0},{"id":"21011002","name":"Test_Varied Electro Hilichurl Shooter","type":0},{"id":"21011201","name":"Rock Shield Hilichurl Guard","type":0},{"id":"21011202","name":"Rock Shield Hilichurl Guard (Mechanicus)","type":0},{"id":"21011301","name":"Cryo Hilichurl Grenadier","type":0},{"id":"21011302","name":"Cryo Hilichurl Grenadier - Enhanced Attack","type":0},{"id":"21011401","name":"Ice Shield Hilichurl Guard","type":0},{"id":"21011402","name":"Ice Shield Hilichurl Guard (Mechanicus)","type":0},{"id":"21011403","name":"Ice Shield Hilichurl Guard: Dragonspine Event","type":0},{"id":"21011501","name":"Unusual Unarmed Hilichurl","type":0},{"id":"21011601","name":"Electro Hilichurl Grenadier","type":0},{"id":"21011602","name":"Electro Hilichurl Grenadier - Enhanced Attack","type":0},{"id":"21020101","name":"Wooden Shieldwall Mitachurl","type":0},{"id":"21020102","name":"Wooden Shieldwall Mitachurl (Mechanicus)","type":0},{"id":"21020201","name":"Blazing Axe Mitachurl","type":0},{"id":"21020202","name":"","type":0},{"id":"21020203","name":"Blazing Axe Mitachurl (Mechanicus)","type":0},{"id":"21020301","name":"Rock Shieldwall Mitachurl","type":0},{"id":"21020302","name":"Rock Shieldwall Mitachurl (Mechanicus)","type":0},{"id":"21020401","name":"Frostarm Lawachurl","type":0},{"id":"21020402","name":"Frostarm Lawachurl (Mechanicus)","type":0},{"id":"21020501","name":"Stonehide Lawachurl","type":0},{"id":"21020502","name":"Stonehide Lawachurl (Mechanicus)","type":0},{"id":"21020601","name":"Ice Shieldwall Mitachurl","type":0},{"id":"21020602","name":"Ice Shieldwall Mitachurl (Mechanicus)","type":0},{"id":"21020701","name":"Crackling Axe Mitachurl","type":0},{"id":"21020702","name":"Crackling Axe Mitachurl (Mechanicus)","type":0},{"id":"21020703","name":"Crackling Axe Mitachurl - Enhanced Attack","type":0},{"id":"21020801","name":"Thunderhelm Lawachurl","type":0},{"id":"21020802","name":"Thunderhelm Lawachurl (Mechanicus)","type":0},{"id":"21030101","name":"Hydro Samachurl","type":0},{"id":"21030102","name":"Hydro Samachurl (Mechanicus)","type":0},{"id":"21030103","name":"Test_Movement Healing Hydro Samachurl","type":0},{"id":"21030201","name":"Dendro Samachurl","type":0},{"id":"21030202","name":"Dendro Samachurl (Mechanicus)","type":0},{"id":"21030203","name":"","type":0},{"id":"21030301","name":"Anemo Samachurl","type":0},{"id":"21030302","name":"Anemo Samachurl (Mechanicus)","type":0},{"id":"21030303","name":"Test_Wind Current Enhanced Anemo Samachurl","type":0},{"id":"21030304","name":"","type":0},{"id":"21030401","name":"Geo Samachurl","type":0},{"id":"21030402","name":"","type":0},{"id":"21030403","name":"Geo Samachurl (Mechanicus)","type":0},{"id":"21030501","name":"Cryo Samachurl","type":0},{"id":"21030502","name":"Cryo Samachurl (Mechanicus)","type":0},{"id":"21030601","name":"Electro Samachurl","type":0},{"id":"21030602","name":"Electro Samachurl (Mechanicus)","type":0},{"id":"21030603","name":"Electro Samachurl - Enhanced Support","type":0},{"id":"22010101","name":"Pyro Abyss Mage","type":0},{"id":"22010102","name":"Test_Shield-Enhanced Pyro Abyss Mage","type":0},{"id":"22010103","name":"Test_Teleport-Enhanced Pyro Abyss Mage","type":0},{"id":"22010104","name":"Test_Attacking-Enhanced Pyro Abyss Mage","type":0},{"id":"22010105","name":"Pyro Abyss Mage (Mechanicus)","type":0},{"id":"22010201","name":"Cryo Abyss Mage","type":0},{"id":"22010202","name":"Test_Shield-Enhanced Cryo Abyss Mage","type":0},{"id":"22010203","name":"Test_Teleport-Enhanced Cryo Abyss Mage","type":0},{"id":"22010204","name":"Test_Attacking-Enhanced Cryo Abyss Mage","type":0},{"id":"22010205","name":"Cryo Abyss Mage (Mechanicus)","type":0},{"id":"22010301","name":"Hydro Abyss Mage","type":0},{"id":"22010302","name":"Test_Shield-Enhanced Hydro Abyss Mage","type":0},{"id":"22010303","name":"Test_Teleport-Enhanced Hydro Abyss Mage","type":0},{"id":"22010304","name":"Test_Attacking-Enhanced Hydro Abyss Mage","type":0},{"id":"22010305","name":"Hydro Abyss Mage (Mechanicus)","type":0},{"id":"22010401","name":"Electro Abyss Mage","type":0},{"id":"22010402","name":"Electro Abyss Mage (Mechanicus)","type":0},{"id":"22010403","name":"Electro Abyss Mage - Enhanced Shield","type":0},{"id":"22010404","name":"Electro Abyss Mage - Enhanced Attack","type":0},{"id":"22020101","name":"Abyss Herald: Wicked Torrents (Disappearing)","type":0},{"id":"22020102","name":"Abyss Herald: Wicked Torrents (Permanent)","type":0},{"id":"22030101","name":"Abyss Lector: Violet Lightning (Disappearing)","type":0},{"id":"22030102","name":"Abyss Lector: Violet Lightning (Permanent)","type":0},{"id":"22030201","name":"null","type":0},{"id":"22030202","name":"null","type":0},{"id":"22040101","name":"Rockfond Rifthound Whelp","type":0},{"id":"22040201","name":"Thundercraven Rifthound Whelp","type":0},{"id":"22050101","name":"Rockfond Rifthound","type":0},{"id":"22050201","name":"Thundercraven Rifthound","type":0},{"id":"22060101","name":"Golden Wolflord","type":1},{"id":"22070101","name":"null","type":0},{"id":"22070102","name":"null","type":0},{"id":"22070201","name":"null","type":0},{"id":"22070202","name":"null","type":0},{"id":"22070301","name":"null","type":0},{"id":"22070302","name":"null","type":0},{"id":"22080101","name":"null","type":0},{"id":"23010101","name":"","type":0},{"id":"23010201","name":"","type":0},{"id":"23010301","name":"","type":0},{"id":"23010401","name":"","type":0},{"id":"23010501","name":"","type":0},{"id":"23010601","name":"","type":0},{"id":"23020101","name":"Fatui Agent","type":0},{"id":"23020102","name":"","type":0},{"id":"23030101","name":"Fatui Electro Cicin Mage","type":0},{"id":"23030102","name":"","type":0},{"id":"23040101","name":"Fatui Cryo Cicin Mage","type":0},{"id":"23040102","name":"Fatui Cryo Cicin Mage - Enhanced Attack","type":0},{"id":"23050101","name":"Fatui Mirror Maiden","type":0},{"id":"24010101","name":"Ruin Guard","type":0},{"id":"24010102","name":"Ruin Guard (Mechanicus)","type":0},{"id":"24010108","name":"","type":0},{"id":"24010109","name":"","type":0},{"id":"24010201","name":"Ruin Hunter","type":0},{"id":"24010202","name":"Ruin Hunter (Mechanicus)","type":0},{"id":"24010301","name":"Ruin Grader","type":0},{"id":"24010302","name":"Ruin Grader (Mechanicus)","type":0},{"id":"24010303","name":"Ruin Grader (Mining Version)","type":0},{"id":"24010401","name":"null","type":1},{"id":"24020101","name":"Ruin Cruiser","type":0},{"id":"24020102","name":"Ruin Cruiser (Weakened)","type":0},{"id":"24020103","name":"Ruin Cruiser (Enhanced)","type":0},{"id":"24020201","name":"Ruin Destroyer","type":0},{"id":"24020202","name":"Ruin Destroyer (Weakened)","type":0},{"id":"24020203","name":"Ruin Destroyer (Enhanced)","type":0},{"id":"24020301","name":"Ruin Defender","type":0},{"id":"24020302","name":"Ruin Defender (Weakened)","type":0},{"id":"24020303","name":"Ruin Defender (Enhanced)","type":0},{"id":"24020401","name":"Ruin Scout","type":0},{"id":"24020402","name":"Ruin Scout (Weakened)","type":0},{"id":"24020403","name":"Ruin Scout (Enhanced)","type":0},{"id":"24021101","name":"Perpetual Mechanical Array","type":1},{"id":"24021102","name":"Perpetual Mechanical Array (Inazuma Event-Only)","type":1},{"id":"25010101","name":"Liuliu","type":0},{"id":"25010102","name":"Mystery Man","type":0},{"id":"25010103","name":"","type":0},{"id":"25010104","name":"","type":0},{"id":"25010105","name":"null","type":0},{"id":"25010106","name":"null","type":0},{"id":"25010201","name":"Treasure Hoarder Scout","type":0},{"id":"25010203","name":"","type":0},{"id":"25010204","name":"","type":0},{"id":"25010205","name":"","type":0},{"id":"25010206","name":"","type":0},{"id":"25010207","name":"","type":0},{"id":"25010208","name":"","type":0},{"id":"25010301","name":"","type":0},{"id":"25010302","name":"","type":0},{"id":"25010401","name":"","type":0},{"id":"25010501","name":"","type":0},{"id":"25010601","name":"","type":0},{"id":"25010701","name":"","type":0},{"id":"25020101","name":"Raptor","type":0},{"id":"25020102","name":"","type":0},{"id":"25020201","name":"Treasure Hoarder Marksman","type":0},{"id":"25020204","name":"","type":0},{"id":"25030101","name":"Carmen","type":0},{"id":"25030102","name":"null","type":0},{"id":"25030103","name":"null","type":0},{"id":"25030201","name":"Treasure Hoarder Gravedigger","type":0},{"id":"25030301","name":"Treasure Hoarder Oarsman","type":0},{"id":"25040101","name":"Boss","type":0},{"id":"25040102","name":"null","type":0},{"id":"25040103","name":"null","type":0},{"id":"25050101","name":"Millelith Soldier","type":0},{"id":"25050201","name":"Millelith Sergeant","type":0},{"id":"25050301","name":"Shogunate Infantry","type":0},{"id":"25050401","name":"Shogunate Infantry Captain","type":0},{"id":"25050402","name":"","type":0},{"id":"25050501","name":"Sangonomiya Cohort","type":0},{"id":"25050502","name":"","type":0},{"id":"25060101","name":"","type":0},{"id":"25060102","name":"","type":0},{"id":"25070101","name":"","type":0},{"id":"25070201","name":"null","type":0},{"id":"25070202","name":"null","type":0},{"id":"25080101","name":"Ronin","type":0},{"id":"25080201","name":"Ronin: Sanzoku","type":0},{"id":"25080202","name":"null","type":0},{"id":"25080301","name":"Ronin: Anbu","type":0},{"id":"25080401","name":"Shogunate Samurai","type":0},{"id":"25080402","name":"null","type":0},{"id":"25090101","name":"Marionette General","type":1},{"id":"25090102","name":"Marionette General: Wind Bunshin","type":1},{"id":"25090103","name":"Marionette General: Ice Bunshin","type":1},{"id":"25090104","name":"Marionette General: Masked Bunshin","type":1},{"id":"25090201","name":"Marionette General: Wind Bunshin (With Icon)","type":1},{"id":"25090301","name":"Marionette General: Ice Bunshin (With Icon)","type":1},{"id":"25090401","name":"Marionette General: Masked Bunshin (With Icon)","type":1},{"id":"25100101","name":"Electro Kairagi","type":0},{"id":"25100102","name":"null","type":0},{"id":"25100201","name":"Pyro Kairagi","type":0},{"id":"25100301","name":"Thunderwraith Kairagi","type":0},{"id":"25100302","name":"null","type":0},{"id":"25100401","name":"Flameghoul Kairagi","type":0},{"id":"26010101","name":"Cryo Whopperflower","type":0},{"id":"26010102","name":"Cryo Whopperflower (Dragonspine Event)","type":0},{"id":"26010103","name":"Giant Cryo Whopperflower (2.3 Dragonspine Event)","type":1},{"id":"26010104","name":"","type":1},{"id":"26010201","name":"Pyro Whopperflower","type":0},{"id":"26010301","name":"Electro Whopperflower","type":0},{"id":"26020101","name":"Cryo Regisvine","type":1},{"id":"26020102","name":"Cryo Regisvine (Dragonspine Event)","type":1},{"id":"26020201","name":"Pyro Regisvine","type":1},{"id":"26030101","name":"Geovishap Hatchling","type":0},{"id":"26040101","name":"Geovishap: Hydro","type":0},{"id":"26040102","name":"Geovishap: Pyro","type":0},{"id":"26040103","name":"Geovishap: Cryo","type":0},{"id":"26040104","name":"Geovishap: Electro","type":0},{"id":"26040105","name":"Geovishap: Hydro (Mechanicus)","type":0},{"id":"26050101","name":"Primo Geovishap: Hydro","type":1},{"id":"26050201","name":"Primo Geovishap: Pyro","type":1},{"id":"26050301","name":"Primo Geovishap: Cryo","type":1},{"id":"26050401","name":"Primo Geovishap: Electro","type":1},{"id":"26050501","name":"Primo Geovishap (Event)","type":1},{"id":"26050601","name":"null","type":0},{"id":"26050701","name":"null","type":1},{"id":"26050702","name":"null","type":1},{"id":"26050801","name":"null","type":1},{"id":"26050802","name":"null","type":1},{"id":"26050901","name":"null","type":0},{"id":"26051001","name":"null","type":0},{"id":"26051101","name":"null","type":0},{"id":"26060101","name":"Electro Cicin","type":0},{"id":"26060201","name":"Hydro Cicin","type":0},{"id":"26060301","name":"Cryo Cicin","type":0},{"id":"26080101","name":"null","type":1},{"id":"26090101","name":"null","type":0},{"id":"28010101","name":"Golden Crab","type":1},{"id":"28010102","name":"Sun Crab","type":1},{"id":"28010103","name":"Ocean Crab","type":1},{"id":"28010104","name":"General Crab","type":1},{"id":"28010105","name":"Pale Red Crab","type":1},{"id":"28010106","name":"Crab","type":1},{"id":"28010201","name":"Blue Horned Lizard","type":1},{"id":"28010202","name":"Red Horned Lizard","type":1},{"id":"28010203","name":"Green Horned Lizard","type":1},{"id":"28010204","name":"Sunset Loach","type":1},{"id":"28010205","name":"Golden Loach","type":1},{"id":"28010206","name":"Sunny Loach","type":1},{"id":"28010207","name":"Pith Lizard","type":1},{"id":"28010301","name":"Frog","type":1},{"id":"28010302","name":"Mud Frog","type":1},{"id":"28010303","name":"Blue Frog","type":1},{"id":"28010401","name":"","type":1},{"id":"28010402","name":"null","type":1},{"id":"28010403","name":"","type":1},{"id":"28020101","name":"Snow Fox","type":0},{"id":"28020102","name":"Crimson Fox","type":0},{"id":"28020103","name":"Gifting Snow Fox","type":0},{"id":"28020104","name":"Super-Gifting Snow Fox","type":0},{"id":"28020105","name":"null","type":0},{"id":"28020106","name":"null","type":0},{"id":"28020201","name":"Squirrel","type":0},{"id":"28020301","name":"Forest Boar","type":0},{"id":"28020302","name":"Forest Piglet","type":0},{"id":"28020303","name":"Snowboar","type":0},{"id":"28020304","name":"Great Snowboar King","type":0},{"id":"28020305","name":"Frozen Snowboar","type":0},{"id":"28020306","name":"null","type":0},{"id":"28020307","name":"null","type":0},{"id":"28020308","name":"null","type":0},{"id":"28020309","name":"null","type":0},{"id":"28020401","name":"Northland Hound","type":0},{"id":"28020402","name":"Forest-Patrol Hound","type":0},{"id":"28020403","name":"Shiba","type":0},{"id":"28020404","name":"Black-Back Hound","type":0},{"id":"28020405","name":"Shiba","type":0},{"id":"28020406","name":"Northland Hound (Dog Event Special, Extended LoS Range)","type":0},{"id":"28020407","name":"null","type":0},{"id":"28020408","name":"null","type":0},{"id":"28020409","name":"null","type":0},{"id":"28020410","name":"null","type":0},{"id":"28020501","name":"Sapphire","type":0},{"id":"28020502","name":"Jade-Eyed Cat","type":0},{"id":"28020503","name":"Gray Snow Cat","type":0},{"id":"28020504","name":"Northland Cat","type":0},{"id":"28020505","name":"Tiger-Striped Cat","type":0},{"id":"28020506","name":"Sheriff Cat","type":0},{"id":"28020507","name":"Black Cat","type":0},{"id":"28020508","name":"Sapphire","type":0},{"id":"28020509","name":"Gray Snow Cat (Dog Event Special, Extended LoS Range)","type":0},{"id":"28020510","name":"null","type":0},{"id":"28020511","name":"null","type":0},{"id":"28020512","name":"null","type":0},{"id":"28020513","name":"null","type":0},{"id":"28020601","name":"Snow Weasel","type":0},{"id":"28020602","name":"Red-Tailed Weasel","type":0},{"id":"28020603","name":"Boot Weasel","type":0},{"id":"28020604","name":"Masked Weasel","type":0},{"id":"28020605","name":"null","type":0},{"id":"28020701","name":"Kitsune","type":0},{"id":"28020702","name":"Kitsune (Dog Event Special, Extended LoS Range)","type":0},{"id":"28020801","name":"Bake-Danuki","type":0},{"id":"28020802","name":"null","type":0},{"id":"28020803","name":"null","type":0},{"id":"28020901","name":"Samurai Dog (Patrol)","type":0},{"id":"28020902","name":"Samurai Dog (Combat)","type":0},{"id":"28020903","name":"null","type":0},{"id":"28030101","name":"Azure Crane","type":0},{"id":"28030102","name":"Violet Ibis","type":0},{"id":"28030201","name":"Brownwing Falcon","type":0},{"id":"28030202","name":"Umbertail Falcon","type":0},{"id":"28030203","name":"Lapis Glede","type":0},{"id":"28030204","name":"Silkwhite Falcon","type":0},{"id":"28030301","name":"White Pigeon","type":0},{"id":"28030302","name":"Brightcrown Pigeon","type":0},{"id":"28030303","name":"Graywing Pigeon","type":0},{"id":"28030304","name":"Crimsonflank Pigeon","type":0},{"id":"28030305","name":"Black King Pigeon","type":0},{"id":"28030306","name":"Duck","type":0},{"id":"28030307","name":"White Pigeon","type":0},{"id":"28030308","name":"Brightcrown Pigeon","type":0},{"id":"28030309","name":"Graywing Pigeon","type":0},{"id":"28030310","name":"Crimsonflank Pigeon","type":0},{"id":"28030311","name":"Black King Pigeon","type":0},{"id":"28030401","name":"Crimson Finch","type":0},{"id":"28030402","name":"Golden Finch","type":0},{"id":"28030403","name":"Snow Finch","type":0},{"id":"28030404","name":"Emerald Finch","type":0},{"id":"28030405","name":"null","type":0},{"id":"28030406","name":"null","type":0},{"id":"28030407","name":"null","type":0},{"id":"28030408","name":"null","type":0},{"id":"28030409","name":"null","type":0},{"id":"28030501","name":"Scarletbeak Duck","type":0},{"id":"28030502","name":"Emerald Duck","type":0},{"id":"28030503","name":"Golden Duck","type":0},{"id":"28030504","name":"null","type":0},{"id":"28040101","name":"Black-Back Bass","type":1},{"id":"28040102","name":"Blue-Fin Bass","type":1},{"id":"28040103","name":"Golden Bass","type":1},{"id":"28040104","name":"Black-Back Bass","type":1},{"id":"28040105","name":"Black-Back Bass","type":1},{"id":"28040106","name":"Blue-Fin Bass","type":1},{"id":"28040107","name":"Golden Bass","type":1},{"id":"28040108","name":"null","type":1},{"id":"28040201","name":"Medaka","type":1},{"id":"28040202","name":"Glaze Medaka","type":1},{"id":"28040203","name":"Sweet-Flower Medaka","type":1},{"id":"28040204","name":"Aizen Medaka","type":1},{"id":"28040205","name":"Dawncatcher","type":1},{"id":"28040206","name":"Crystalfish","type":1},{"id":"28040301","name":"Lunged Stickleback","type":1},{"id":"28040302","name":"Betta","type":1},{"id":"28040303","name":"Venomspine Fish","type":1},{"id":"28040304","name":"Akai Maou","type":1},{"id":"28040305","name":"Snowstrider","type":1},{"id":"28040401","name":"Golden Koi","type":1},{"id":"28040402","name":"Rusty Koi","type":1},{"id":"28040501","name":"Brown Shirakodai","type":1},{"id":"28040502","name":"Purple Shirakodai","type":1},{"id":"28040503","name":"Tea-Colored Shirakodai","type":1},{"id":"28040504","name":"Abiding Angelfish","type":1},{"id":"28040505","name":"Raimei Angelfish","type":1},{"id":"28040506","name":"Moonfin","type":1},{"id":"28040601","name":"Pufferfish","type":1},{"id":"28040602","name":"Bitter Pufferfish","type":1},{"id":"28040701","name":"null","type":1},{"id":"28040702","name":"null","type":1},{"id":"28040703","name":"null","type":0},{"id":"28050101","name":"Anemo Crystalfly","type":1},{"id":"28050102","name":"Geo Crystalfly","type":1},{"id":"28050103","name":"Cryo Crystalfly","type":1},{"id":"28050104","name":"Electro Crystalfly","type":1},{"id":"28050105","name":"null","type":1},{"id":"28050201","name":"Amateur Weasel Thief","type":0},{"id":"28050202","name":"Hoarder Weasel Thief","type":0},{"id":"28050203","name":"Golden Weasel Thief","type":0},{"id":"28050204","name":"null","type":0},{"id":"28050211","name":"Amateur Weasel Thief","type":0},{"id":"28050212","name":"Hoarder Weasel Thief","type":0},{"id":"28050213","name":"Golden Weasel Thief","type":0},{"id":"28050221","name":"null","type":0},{"id":"28050222","name":"null","type":0},{"id":"28050223","name":"null","type":0},{"id":"28050301","name":"null","type":1},{"id":"28210101","name":"Domestic Golden Crab","type":0},{"id":"28210102","name":"Domestic Sun Crab","type":0},{"id":"28210103","name":"Domestic Ocean Crab","type":0},{"id":"28210104","name":"Domestic General Crab","type":0},{"id":"28210105","name":"Domestic Pale Red Crab","type":0},{"id":"28210201","name":"Domestic Blue Horned Lizard","type":0},{"id":"28210202","name":"Domestic Red Horned Lizard","type":0},{"id":"28210203","name":"Domestic Green Horned Lizard","type":0},{"id":"28210204","name":"Domestic Sunset Loach","type":0},{"id":"28210205","name":"Domestic Golden Loach","type":0},{"id":"28210206","name":"Domestic Sunny Loach","type":0},{"id":"28210207","name":"Domestic Marrow Lizard","type":0},{"id":"28210301","name":"Domestic Frog","type":0},{"id":"28210302","name":"Domestic Mud Frog","type":0},{"id":"28210303","name":"Domestic Blue Frog","type":0},{"id":"28210401","name":"Domestic Adorned Unagi","type":0},{"id":"28210402","name":"null","type":0},{"id":"28210403","name":"Domestic Red-Finned Unagi","type":0},{"id":"28220101","name":"Domestic Snow Fox","type":0},{"id":"28220102","name":"Domestic Crimson Fox","type":0},{"id":"28220201","name":"Domestic Squirrel","type":0},{"id":"28220301","name":"Domestic Forest Boar","type":0},{"id":"28220303","name":"Domestic Snowboar","type":0},{"id":"28220401","name":"Domestic Northland Hound","type":0},{"id":"28220402","name":"Domestic Forest-Patrol Hound","type":0},{"id":"28220403","name":"Domestic Shiba","type":0},{"id":"28220404","name":"Domestic Black-Back Hound","type":0},{"id":"28220501","name":"Domestic Sapphire","type":0},{"id":"28220502","name":"Domestic Jade-Eyed Cat","type":0},{"id":"28220503","name":"Domestic Gray Snow Cat","type":0},{"id":"28220504","name":"Domestic Northland Cat","type":0},{"id":"28220505","name":"Domestic Tiger-Striped Cat","type":0},{"id":"28220506","name":"Domestic Sheriff Cat","type":0},{"id":"28220601","name":"Domestic Snow Weasel","type":0},{"id":"28220602","name":"Domestic Red-Tailed Weasel","type":0},{"id":"28220603","name":"Domestic Boot Weasel","type":0},{"id":"28220605","name":"null","type":0},{"id":"28220701","name":"Domestic Kitsune","type":0},{"id":"28220901","name":"Domestic Samurai Dog","type":0},{"id":"28230101","name":"Domestic Azure Crane","type":0},{"id":"28230102","name":"Domestic Violet Ibis","type":0},{"id":"28230301","name":"Domestic White Pigeon","type":0},{"id":"28230302","name":"Domestic Brightcrown Pigeon","type":0},{"id":"28230303","name":"Domestic Graywing Pigeon","type":0},{"id":"28230304","name":"Domestic Crimsonflank Pigeon","type":0},{"id":"28230305","name":"Domestic Black King Pigeon","type":0},{"id":"28230306","name":"Domestic Crow","type":0},{"id":"28230401","name":"Domestic Crimson Finch","type":0},{"id":"28230402","name":"Domestic Golden Finch","type":0},{"id":"28230403","name":"Domestic Snow Finch","type":0},{"id":"28230404","name":"Domestic Emerald Finch","type":0},{"id":"28240201","name":"Domestic Medaka","type":0},{"id":"28240202","name":"Domestic Glaze Medaka","type":0},{"id":"28240203","name":"Domestic Sweet-Flower Medaka","type":0},{"id":"28240204","name":"Domestic Aizen Medaka","type":0},{"id":"28240205","name":"Domestic Dawncatcher","type":0},{"id":"28240206","name":"Domestic Crystalfish","type":0},{"id":"28240301","name":"Domestic Lunged Stickleback","type":0},{"id":"28240302","name":"Domestic Betta","type":0},{"id":"28240303","name":"Domestic Venomspine Fish","type":0},{"id":"28240304","name":"Domestic Akai Maou","type":0},{"id":"28240305","name":"Domestic Snowstrider","type":0},{"id":"28240401","name":"Domestic Golden Koi","type":0},{"id":"28240402","name":"Domestic Rusty Koi","type":0},{"id":"28240501","name":"Domestic Brown Shirakodai","type":0},{"id":"28240502","name":"Domestic Purple Shirakodai","type":0},{"id":"28240503","name":"Domestic Tea-Colored Shirakodai","type":0},{"id":"28240504","name":"Domestic Abiding Angelfish","type":0},{"id":"28240505","name":"Domestic Raimei Angelfish","type":0},{"id":"28240506","name":"Domestic Moonfin","type":0},{"id":"28240601","name":"Domestic Pufferfish","type":0},{"id":"28240602","name":"Domestic Bitter Pufferfish","type":0},{"id":"28240701","name":"null","type":0},{"id":"28240702","name":"null","type":0},{"id":"28250101","name":"Domestic Anemo Crystalfly","type":0},{"id":"28250102","name":"Domestic Geo Crystalfly","type":0},{"id":"28250103","name":"Domestic Cryo Crystalfly","type":0},{"id":"28250104","name":"Domestic Electro Crystalfly","type":0},{"id":"28250105","name":"null","type":0},{"id":"28250301","name":"null","type":0},{"id":"29010101","name":"Stormterror","type":1},{"id":"29010102","name":"Stormterror","type":1},{"id":"29010103","name":"Stormterror","type":1},{"id":"29010104","name":"Stormterror","type":1},{"id":"29020101","name":"Boreas, Great Wolf King of the North","type":1},{"id":"29020102","name":"Andrius, Dominator of Wolves","type":1},{"id":"29030101","name":"Eleventh of the Fatui Harbingers - Tartaglia","type":1},{"id":"29030102","name":"Delusion Unleashed - Childe","type":1},{"id":"29030103","name":"Childe","type":1},{"id":"29030104","name":"Eleventh of the Fatui Harbingers - Tartaglia","type":1},{"id":"29030105","name":"Delusion Unleashed - Childe","type":1},{"id":"29030106","name":"Childe","type":1},{"id":"29040101","name":"Azhdaha","type":1},{"id":"29040102","name":"Azhdaha","type":1},{"id":"29040103","name":"Azhdaha","type":1},{"id":"29040104","name":"Azhdaha","type":1},{"id":"29040111","name":"Azhdaha","type":1},{"id":"29050101","name":"Signora","type":1},{"id":"29050102","name":"Crimson Witch of Embers","type":1},{"id":"29050103","name":"Signora","type":1},{"id":"29050104","name":"Crimson Witch of Embers","type":1},{"id":"29060101","name":"Raiden Shogun","type":1},{"id":"29060102","name":"Raiden Ei","type":1},{"id":"29060201","name":"null","type":1},{"id":"29060202","name":"null","type":1},{"id":"29060203","name":"null","type":1}]