[{"id":10001,"name":"Resolution of Sojourner","contains":{"3":[{"id":51310,"name":"Goblet of the Sojourner","main":5000,"append":301},{"id":51320,"name":"Feather of Homecoming","main":2000,"append":301},{"id":51330,"name":"Crown of Parting","main":3000,"append":301},{"id":51340,"name":"Heart of Comradeship","main":4000,"append":301},{"id":51350,"name":"Sundial of the Sojourner","main":1000,"append":301}],"4":[{"id":51410,"name":"Goblet of the Sojourner","main":5000,"append":401},{"id":51420,"name":"Feather of Homecoming","main":2000,"append":401},{"id":51430,"name":"Crown of Parting","main":3000,"append":401},{"id":51440,"name":"Heart of Comradeship","main":4000,"append":401},{"id":51450,"name":"Sundial of the Sojourner","main":1000,"append":401}]}},{"id":10002,"name":"Brave Heart","contains":{"3":[{"id":52310,"name":"Outset of the Brave","main":5000,"append":301},{"id":52320,"name":"Prospect of the Brave","main":2000,"append":301},{"id":52330,"name":"Crown of the Brave","main":3000,"append":301},{"id":52340,"name":"Medal of the Brave","main":4000,"append":301},{"id":52350,"name":"Fortitude of the Brave","main":1000,"append":301}],"4":[{"id":52410,"name":"Outset of the Brave","main":5000,"append":401},{"id":52420,"name":"Prospect of the Brave","main":2000,"append":401},{"id":52430,"name":"Crown of the Brave","main":3000,"append":401},{"id":52440,"name":"Medal of the Brave","main":4000,"append":401},{"id":52450,"name":"Fortitude of the Brave","main":1000,"append":401}]}},{"id":10003,"name":"Defender's Will","contains":{"3":[{"id":53310,"name":"Guardian's Vessel","main":5000,"append":301},{"id":53320,"name":"Guardian's Sigil","main":2000,"append":301},{"id":53330,"name":"Guardian's Band","main":3000,"append":301},{"id":53340,"name":"Guardian's Flower","main":4000,"append":301},{"id":53350,"name":"Guardian's Clock","main":1000,"append":301}],"4":[{"id":53410,"name":"Guardian's Vessel","main":5000,"append":401},{"id":53420,"name":"Guardian's Sigil","main":2000,"append":401},{"id":53430,"name":"Guardian's Band","main":3000,"append":401},{"id":53440,"name":"Guardian's Flower","main":4000,"append":401},{"id":53450,"name":"Guardian's Clock","main":1000,"append":401}]}},{"id":10004,"name":"Tiny Miracle","contains":{"3":[{"id":54310,"name":"Tiny Miracle's Goblet","main":5000,"append":301},{"id":54320,"name":"Tiny Miracle's Feather","main":2000,"append":301},{"id":54330,"name":"Tiny Miracle's Earrings","main":3000,"append":301},{"id":54340,"name":"Tiny Miracle's Flower","main":4000,"append":301},{"id":54350,"name":"Tiny Miracle's Hourglass","main":1000,"append":301}],"4":[{"id":54410,"name":"Tiny Miracle's Goblet","main":5000,"append":401},{"id":54420,"name":"Tiny Miracle's Feather","main":2000,"append":401},{"id":54430,"name":"Tiny Miracle's Earrings","main":3000,"append":401},{"id":54440,"name":"Tiny Miracle's Flower","main":4000,"append":401},{"id":54450,"name":"Tiny Miracle's Hourglass","main":1000,"append":401}]}},{"id":10005,"name":"Berserker","contains":{"3":[{"id":55310,"name":"Berserker's Bone Goblet","main":5000,"append":301},{"id":55320,"name":"Berserker's Indigo Feather","main":2000,"append":301},{"id":55330,"name":"Berserker's Battle Mask","main":3000,"append":301},{"id":55340,"name":"Berserker's Rose","main":4000,"append":301},{"id":55350,"name":"Berserker's Timepiece","main":1000,"append":301}],"4":[{"id":55410,"name":"Berserker's Bone Goblet","main":5000,"append":401},{"id":55420,"name":"Berserker's Indigo Feather","main":2000,"append":401},{"id":55430,"name":"Berserker's Battle Mask","main":3000,"append":401},{"id":55440,"name":"Berserker's Rose","main":4000,"append":401},{"id":55450,"name":"Berserker's Timepiece","main":1000,"append":401}]}},{"id":10006,"name":"Martial Artist","contains":{"3":[{"id":56310,"name":"Martial Artist's Wine Cup","main":5000,"append":301},{"id":56320,"name":"Martial Artist's Feather Accessory","main":2000,"append":301},{"id":56330,"name":"Martial Artist's Bandana","main":3000,"append":301},{"id":56340,"name":"Martial Artist's Red Flower","main":4000,"append":301},{"id":56350,"name":"Martial Artist's Water Hourglass","main":1000,"append":301}],"4":[{"id":56410,"name":"Martial Artist's Wine Cup","main":5000,"append":401},{"id":56420,"name":"Martial Artist's Feather Accessory","main":2000,"append":401},{"id":56430,"name":"Martial Artist's Bandana","main":3000,"append":401},{"id":56440,"name":"Martial Artist's Red Flower","main":4000,"append":401},{"id":56450,"name":"Martial Artist's Water Hourglass","main":1000,"append":401}]}},{"id":10007,"name":"Instructor","contains":{"3":[{"id":57310,"name":"Instructor's Tea Cup","main":5000,"append":301},{"id":57320,"name":"Instructor's Feather Accessory","main":2000,"append":301},{"id":57330,"name":"Instructor's Cap","main":3000,"append":301},{"id":57340,"name":"Instructor's Brooch","main":4000,"append":301},{"id":57350,"name":"Instructor's Pocket Watch","main":1000,"append":301}],"4":[{"id":57410,"name":"Instructor's Tea Cup","main":5000,"append":401},{"id":57420,"name":"Instructor's Feather Accessory","main":2000,"append":401},{"id":57430,"name":"Instructor's Cap","main":3000,"append":401},{"id":57440,"name":"Instructor's Brooch","main":4000,"append":401},{"id":57450,"name":"Instructor's Pocket Watch","main":1000,"append":401}]}},{"id":10008,"name":"Gambler","contains":{"3":[{"id":58310,"name":"Gambler's Dice Cup","main":5000,"append":301},{"id":58320,"name":"Gambler's Feather Accessory","main":2000,"append":301},{"id":58330,"name":"Gambler's Earrings","main":3000,"append":301},{"id":58340,"name":"Gambler's Brooch","main":4000,"append":301},{"id":58350,"name":"Gambler's Pocket Watch","main":1000,"append":301}],"4":[{"id":58410,"name":"Gambler's Dice Cup","main":5000,"append":401},{"id":58420,"name":"Gambler's Feather Accessory","main":2000,"append":401},{"id":58430,"name":"Gambler's Earrings","main":3000,"append":401},{"id":58440,"name":"Gambler's Brooch","main":4000,"append":401},{"id":58450,"name":"Gambler's Pocket Watch","main":1000,"append":401}]}},{"id":10009,"name":"The Exile","contains":{"3":[{"id":59310,"name":"Exile's Goblet","main":5000,"append":301},{"id":59320,"name":"Exile's Feather","main":2000,"append":301},{"id":59330,"name":"Exile's Circlet","main":3000,"append":301},{"id":59340,"name":"Exile's Flower","main":4000,"append":301},{"id":59350,"name":"Exile's Pocket Watch","main":1000,"append":301}],"4":[{"id":59410,"name":"Exile's Goblet","main":5000,"append":401},{"id":59420,"name":"Exile's Feather","main":2000,"append":401},{"id":59430,"name":"Exile's Circlet","main":3000,"append":401},{"id":59440,"name":"Exile's Flower","main":4000,"append":401},{"id":59450,"name":"Exile's Pocket Watch","main":1000,"append":401}]}},{"id":10010,"name":"Adventurer","contains":{"1":[{"id":60110,"name":"Adventurer's Golden Goblet","main":5000,"append":101},{"id":60120,"name":"Adventurer's Tail Feather","main":2000,"append":101},{"id":60130,"name":"Adventurer's Bandana","main":3000,"append":101},{"id":60140,"name":"Adventurer's Flower","main":4000,"append":101},{"id":60150,"name":"Adventurer's Pocket Watch","main":1000,"append":101}],"2":[{"id":60210,"name":"Adventurer's Golden Goblet","main":5000,"append":201},{"id":60220,"name":"Adventurer's Tail Feather","main":2000,"append":201},{"id":60230,"name":"Adventurer's Bandana","main":3000,"append":201},{"id":60240,"name":"Adventurer's Flower","main":4000,"append":201},{"id":60250,"name":"Adventurer's Pocket Watch","main":1000,"append":201}],"3":[{"id":60310,"name":"Adventurer's Golden Goblet","main":5000,"append":301},{"id":60320,"name":"Adventurer's Tail Feather","main":2000,"append":301},{"id":60330,"name":"Adventurer's Bandana","main":3000,"append":301},{"id":60340,"name":"Adventurer's Flower","main":4000,"append":301},{"id":60350,"name":"Adventurer's Pocket Watch","main":1000,"append":301}]}},{"id":10011,"name":"Lucky Dog","contains":{"1":[{"id":61110,"name":"Lucky Dog's Goblet","main":5000,"append":101},{"id":61120,"name":"Lucky Dog's Eagle Feather","main":2000,"append":101},{"id":61130,"name":"Lucky Dog's Silver Circlet","main":3000,"append":101},{"id":61140,"name":"Lucky Dog's Clover","main":4000,"append":101},{"id":61150,"name":"Lucky Dog's Hourglass","main":1000,"append":101}],"2":[{"id":61210,"name":"Lucky Dog's Goblet","main":5000,"append":201},{"id":61220,"name":"Lucky Dog's Eagle Feather","main":2000,"append":201},{"id":61230,"name":"Lucky Dog's Silver Circlet","main":3000,"append":201},{"id":61240,"name":"Lucky Dog's Clover","main":4000,"append":201},{"id":61250,"name":"Lucky Dog's Hourglass","main":1000,"append":201}],"3":[{"id":61310,"name":"Lucky Dog's Goblet","main":5000,"append":301},{"id":61320,"name":"Lucky Dog's Eagle Feather","main":2000,"append":301},{"id":61330,"name":"Lucky Dog's Silver Circlet","main":3000,"append":301},{"id":61340,"name":"Lucky Dog's Clover","main":4000,"append":301},{"id":61350,"name":"Lucky Dog's Hourglass","main":1000,"append":301}]}},{"id":10012,"name":"Scholar","contains":{"3":[{"id":62310,"name":"Scholar's Ink Cup","main":5000,"append":301},{"id":62320,"name":"Scholar's Quill Pen","main":2000,"append":301},{"id":62330,"name":"Scholar's Lens","main":3000,"append":301},{"id":62340,"name":"Scholar's Bookmark","main":4000,"append":301},{"id":62350,"name":"Scholar's Clock","main":1000,"append":301}],"4":[{"id":62410,"name":"Scholar's Ink Cup","main":5000,"append":401},{"id":62420,"name":"Scholar's Quill Pen","main":2000,"append":401},{"id":62430,"name":"Scholar's Lens","main":3000,"append":401},{"id":62440,"name":"Scholar's Bookmark","main":4000,"append":401},{"id":62450,"name":"Scholar's Clock","main":1000,"append":401}]}},{"id":10013,"name":"Traveling Doctor","contains":{"1":[{"id":63110,"name":"Traveling Doctor's Medicine Pot","main":5000,"append":101},{"id":63120,"name":"Traveling Doctor's Owl Feather","main":2000,"append":101},{"id":63130,"name":"Traveling Doctor's Handkerchief","main":3000,"append":101},{"id":63140,"name":"Traveling Doctor's Silver Lotus","main":4000,"append":101},{"id":63150,"name":"Traveling Doctor's Pocket Watch","main":1000,"append":101}],"2":[{"id":63210,"name":"Traveling Doctor's Medicine Pot","main":5000,"append":201},{"id":63220,"name":"Traveling Doctor's Owl Feather","main":2000,"append":201},{"id":63230,"name":"Traveling Doctor's Handkerchief","main":3000,"append":201},{"id":63240,"name":"Traveling Doctor's Silver Lotus","main":4000,"append":201},{"id":63250,"name":"Traveling Doctor's Pocket Watch","main":1000,"append":201}],"3":[{"id":63310,"name":"Traveling Doctor's Medicine Pot","main":5000,"append":301},{"id":63320,"name":"Traveling Doctor's Owl Feather","main":2000,"append":301},{"id":63330,"name":"Traveling Doctor's Handkerchief","main":3000,"append":301},{"id":63340,"name":"Traveling Doctor's Silver Lotus","main":4000,"append":301},{"id":63350,"name":"Traveling Doctor's Pocket Watch","main":1000,"append":301}]}},{"id":14001,"name":"Blizzard Strayer","contains":{"4":[{"id":71410,"name":"Frost-Weaved Dignity","main":5000,"append":401},{"id":71420,"name":"Icebreaker's Resolve","main":2000,"append":401},{"id":71430,"name":"Broken Rime's Echo","main":3000,"append":401},{"id":71440,"name":"Snowswept Memory","main":4000,"append":401},{"id":71450,"name":"Frozen Homeland's Demise","main":1000,"append":401}],"5":[{"id":71510,"name":"Frost-Weaved Dignity","main":5000,"append":501},{"id":71520,"name":"Icebreaker's Resolve","main":2000,"append":501},{"id":71530,"name":"Broken Rime's Echo","main":3000,"append":501},{"id":71540,"name":"Snowswept Memory","main":4000,"append":501},{"id":71550,"name":"Frozen Homeland's Demise","main":1000,"append":501}]}},{"id":14002,"name":"Thundersoother","contains":{"4":[{"id":72410,"name":"Thundersoother's Goblet","main":5000,"append":401},{"id":72420,"name":"Thundersoother's Plume","main":2000,"append":401},{"id":72430,"name":"Thundersoother's Diadem","main":3000,"append":401},{"id":72440,"name":"Thundersoother's Heart","main":4000,"append":401},{"id":72450,"name":"Hour of Soothing Thunder","main":1000,"append":401}],"5":[{"id":72510,"name":"Thundersoother's Goblet","main":5000,"append":501},{"id":72520,"name":"Thundersoother's Plume","main":2000,"append":501},{"id":72530,"name":"Thundersoother's Diadem","main":3000,"append":501},{"id":72540,"name":"Thundersoother's Heart","main":4000,"append":501},{"id":72550,"name":"Hour of Soothing Thunder","main":1000,"append":501}]}},{"id":14003,"name":"Lavawalker","contains":{"4":[{"id":73410,"name":"Lavawalker's Epiphany","main":5000,"append":401},{"id":73420,"name":"Lavawalker's Salvation","main":2000,"append":401},{"id":73430,"name":"Lavawalker's Wisdom","main":3000,"append":401},{"id":73440,"name":"Lavawalker's Resolution","main":4000,"append":401},{"id":73450,"name":"Lavawalker's Torment","main":1000,"append":401}],"5":[{"id":73510,"name":"Lavawalker's Epiphany","main":5000,"append":501},{"id":73520,"name":"Lavawalker's Salvation","main":2000,"append":501},{"id":73530,"name":"Lavawalker's Wisdom","main":3000,"append":501},{"id":73540,"name":"Lavawalker's Resolution","main":4000,"append":501},{"id":73550,"name":"Lavawalker's Torment","main":1000,"append":501}]}},{"id":14004,"name":"Maiden Beloved","contains":{"4":[{"id":74410,"name":"Maiden's Fleeting Leisure","main":5000,"append":401},{"id":74420,"name":"Maiden's Heart-stricken Infatuation","main":2000,"append":401},{"id":74430,"name":"Maiden's Fading Beauty","main":3000,"append":401},{"id":74440,"name":"Maiden's Distant Love","main":4000,"append":401},{"id":74450,"name":"Maiden's Passing Youth","main":1000,"append":401}],"5":[{"id":74510,"name":"Maiden's Fleeting Leisure","main":5000,"append":501},{"id":74520,"name":"Maiden's Heart-stricken Infatuation","main":2000,"append":501},{"id":74530,"name":"Maiden's Fading Beauty","main":3000,"append":501},{"id":74540,"name":"Maiden's Distant Love","main":4000,"append":501},{"id":74550,"name":"Maiden's Passing Youth","main":1000,"append":501}]}},{"id":15001,"name":"Gladiator's Finale","contains":{"4":[{"id":75410,"name":"Gladiator's Intoxication","main":5000,"append":401},{"id":75420,"name":"Gladiator's Destiny","main":2000,"append":401},{"id":75430,"name":"Gladiator's Triumphus","main":3000,"append":401},{"id":75440,"name":"Gladiator's Nostalgia","main":4000,"append":401},{"id":75450,"name":"Gladiator's Longing","main":1000,"append":401}],"5":[{"id":75510,"name":"Gladiator's Intoxication","main":5000,"append":501},{"id":75520,"name":"Gladiator's Destiny","main":2000,"append":501},{"id":75530,"name":"Gladiator's Triumphus","main":3000,"append":501},{"id":75540,"name":"Gladiator's Nostalgia","main":4000,"append":501},{"id":75550,"name":"Gladiator's Longing","main":1000,"append":501}]}},{"id":15002,"name":"Viridescent Venerer","contains":{"4":[{"id":76410,"name":"Viridescent Venerer's Vessel","main":5000,"append":401},{"id":76420,"name":"Viridescent Arrow Feather","main":2000,"append":401},{"id":76430,"name":"Viridescent Venerer's Diadem","main":3000,"append":401},{"id":76440,"name":"In Remembrance of Viridescent Fields","main":4000,"append":401},{"id":76450,"name":"Viridescent Venerer's Determination","main":1000,"append":401}],"5":[{"id":76510,"name":"Viridescent Venerer's Vessel","main":5000,"append":501},{"id":76520,"name":"Viridescent Arrow Feather","main":2000,"append":501},{"id":76530,"name":"Viridescent Venerer's Diadem","main":3000,"append":501},{"id":76540,"name":"In Remembrance of Viridescent Fields","main":4000,"append":501},{"id":76550,"name":"Viridescent Venerer's Determination","main":1000,"append":501}]}},{"id":15003,"name":"Wanderer's Troupe","contains":{"4":[{"id":77410,"name":"Wanderer's String-Kettle","main":5000,"append":401},{"id":77420,"name":"Bard's Arrow Feather","main":2000,"append":401},{"id":77430,"name":"Conductor's Top Hat","main":3000,"append":401},{"id":77440,"name":"Troupe's Dawnlight","main":4000,"append":401},{"id":77450,"name":"Concert's Final Hour","main":1000,"append":401}],"5":[{"id":77510,"name":"Wanderer's String-Kettle","main":5000,"append":501},{"id":77520,"name":"Bard's Arrow Feather","main":2000,"append":501},{"id":77530,"name":"Conductor's Top Hat","main":3000,"append":501},{"id":77540,"name":"Troupe's Dawnlight","main":4000,"append":501},{"id":77550,"name":"Concert's Final Hour","main":1000,"append":501}]}},{"id":15004,"name":"Glacier and Snowfield","contains":{"6":[{"id":78340,"name":"Heart of Frost","main":4000,"append":301},{"id":78320,"name":"Plume of Snow","main":2000,"append":301},{"id":78350,"name":"Glacial Sand","main":1000,"append":301},{"id":78310,"name":"Goblet of Aquilo","main":5000,"append":301},{"id":78330,"name":"Crown of Glacier","main":3000,"append":301}]}},{"id":15005,"name":"Thundering Fury","contains":{"4":[{"id":79410,"name":"Omen of Thunderstorm","main":5000,"append":401},{"id":79420,"name":"Survivor of Catastrophe","main":2000,"append":401},{"id":79430,"name":"Thunder Summoner's Crown","main":3000,"append":401},{"id":79440,"name":"Thunderbird's Mercy","main":4000,"append":401},{"id":79450,"name":"Hourglass of Thunder","main":1000,"append":401}],"5":[{"id":79510,"name":"Omen of Thunderstorm","main":5000,"append":501},{"id":79520,"name":"Survivor of Catastrophe","main":2000,"append":501},{"id":79530,"name":"Thunder Summoner's Crown","main":3000,"append":501},{"id":79540,"name":"Thunderbird's Mercy","main":4000,"append":501},{"id":79550,"name":"Hourglass of Thunder","main":1000,"append":501}]}},{"id":15006,"name":"Crimson Witch of Flames","contains":{"4":[{"id":80410,"name":"Witch's Heart Flames","main":5000,"append":401},{"id":80420,"name":"Witch's Ever-Burning Plume","main":2000,"append":401},{"id":80430,"name":"Witch's Scorching Hat","main":3000,"append":401},{"id":80440,"name":"Witch's Flower of Blaze","main":4000,"append":401},{"id":80450,"name":"Witch's End Time","main":1000,"append":401}],"5":[{"id":80510,"name":"Witch's Heart Flames","main":5000,"append":501},{"id":80520,"name":"Witch's Ever-Burning Plume","main":2000,"append":501},{"id":80530,"name":"Witch's Scorching Hat","main":3000,"append":501},{"id":80540,"name":"Witch's Flower of Blaze","main":4000,"append":501},{"id":80550,"name":"Witch's End Time","main":1000,"append":501}]}},{"id":15007,"name":"Noblesse Oblige","contains":{"4":[{"id":81410,"name":"Royal Silver Urn","main":5000,"append":401},{"id":81420,"name":"Royal Plume","main":2000,"append":401},{"id":81430,"name":"Royal Masque","main":3000,"append":401},{"id":81440,"name":"Royal Flora","main":4000,"append":401},{"id":81450,"name":"Royal Pocket Watch","main":1000,"append":401}],"5":[{"id":81510,"name":"Royal Silver Urn","main":5000,"append":501},{"id":81520,"name":"Royal Plume","main":2000,"append":501},{"id":81530,"name":"Royal Masque","main":3000,"append":501},{"id":81540,"name":"Royal Flora","main":4000,"append":501},{"id":81550,"name":"Royal Pocket Watch","main":1000,"append":501}]}},{"id":15008,"name":"Bloodstained Chivalry","contains":{"4":[{"id":82410,"name":"Bloodstained Chevalier's Goblet","main":5000,"append":401},{"id":82420,"name":"Bloodstained Black Plume","main":2000,"append":401},{"id":82430,"name":"Bloodstained Iron Mask","main":3000,"append":401},{"id":82440,"name":"Bloodstained Flower of Iron","main":4000,"append":401},{"id":82450,"name":"Bloodstained Final Hour","main":1000,"append":401}],"5":[{"id":82510,"name":"Bloodstained Chevalier's Goblet","main":5000,"append":501},{"id":82520,"name":"Bloodstained Black Plume","main":2000,"append":501},{"id":82530,"name":"Bloodstained Iron Mask","main":3000,"append":501},{"id":82540,"name":"Bloodstained Flower of Iron","main":4000,"append":501},{"id":82550,"name":"Bloodstained Final Hour","main":1000,"append":501}]}},{"id":15009,"name":"Prayers for Illumination","contains":{"3":[{"id":83330,"name":"Tiara of Flame","main":3000,"append":301}],"4":[{"id":83430,"name":"Tiara of Flame","main":3000,"append":401}]}},{"id":15010,"name":"Prayers for Destiny","contains":{"3":[{"id":84330,"name":"Tiara of Torrents","main":3000,"append":301}],"4":[{"id":84430,"name":"Tiara of Torrents","main":3000,"append":401}]}},{"id":15011,"name":"Prayers for Wisdom","contains":{"3":[{"id":85330,"name":"Tiara of Thunder","main":3000,"append":301}],"4":[{"id":85430,"name":"Tiara of Thunder","main":3000,"append":401}]}},{"id":15012,"name":"Prayers to the Firmament","contains":{"6":[{"id":86330,"name":"Tiara of Gales","main":3000,"append":301}]}},{"id":15013,"name":"Prayers to Springtime","contains":{"3":[{"id":87330,"name":"Tiara of Frost","main":3000,"append":301}],"4":[{"id":87430,"name":"Tiara of Frost","main":3000,"append":401}]}},{"id":15014,"name":"Archaic Petra","contains":{"4":[{"id":88410,"name":"Goblet of Chiseled Crag","main":5000,"append":401},{"id":88420,"name":"Feather of Jagged Peaks","main":2000,"append":401},{"id":88430,"name":"Mask of Solitude Basalt","main":3000,"append":401},{"id":88440,"name":"Flower of Creviced Cliff","main":4000,"append":401},{"id":88450,"name":"Sundial of Enduring Jade","main":1000,"append":401}],"5":[{"id":88510,"name":"Goblet of Chiseled Crag","main":5000,"append":501},{"id":88520,"name":"Feather of Jagged Peaks","main":2000,"append":501},{"id":88530,"name":"Mask of Solitude Basalt","main":3000,"append":501},{"id":88540,"name":"Flower of Creviced Cliff","main":4000,"append":501},{"id":88550,"name":"Sundial of Enduring Jade","main":1000,"append":501}]}},{"id":15015,"name":"Retracing Bolide","contains":{"4":[{"id":89410,"name":"Summer Night's Waterballoon","main":5000,"append":401},{"id":89420,"name":"Summer Night's Finale","main":2000,"append":401},{"id":89430,"name":"Summer Night's Mask","main":3000,"append":401},{"id":89440,"name":"Summer Night's Bloom","main":4000,"append":401},{"id":89450,"name":"Summer Night's Moment","main":1000,"append":401}],"5":[{"id":89510,"name":"Summer Night's Waterballoon","main":5000,"append":501},{"id":89520,"name":"Summer Night's Finale","main":2000,"append":501},{"id":89530,"name":"Summer Night's Mask","main":3000,"append":501},{"id":89540,"name":"Summer Night's Bloom","main":4000,"append":501},{"id":89550,"name":"Summer Night's Moment","main":1000,"append":501}]}},{"id":15016,"name":"Heart of Depth","contains":{"4":[{"id":90410,"name":"Goblet of Thundering Deep","main":5000,"append":401},{"id":90420,"name":"Gust of Nostalgia","main":2000,"append":401},{"id":90430,"name":"Wine-Stained Tricorne","main":3000,"append":401},{"id":90440,"name":"Gilded Corsage","main":4000,"append":401},{"id":90450,"name":"Copper Compass","main":1000,"append":401}],"5":[{"id":90510,"name":"Goblet of Thundering Deep","main":5000,"append":501},{"id":90520,"name":"Gust of Nostalgia","main":2000,"append":501},{"id":90530,"name":"Wine-Stained Tricorne","main":3000,"append":501},{"id":90540,"name":"Gilded Corsage","main":4000,"append":501},{"id":90550,"name":"Copper Compass","main":1000,"append":501}]}},{"id":15017,"name":"Tenacity of the Millelith","contains":{"4":[{"id":91410,"name":"Noble's Pledging Vessel","main":5000,"append":401},{"id":91420,"name":"Ceremonial War-Plume","main":2000,"append":401},{"id":91430,"name":"General's Ancient Helm","main":3000,"append":401},{"id":91440,"name":"Flower of Accolades","main":4000,"append":401},{"id":91450,"name":"Orichalceous Time-Dial","main":1000,"append":401}],"5":[{"id":91510,"name":"Noble's Pledging Vessel","main":5000,"append":501},{"id":91520,"name":"Ceremonial War-Plume","main":2000,"append":501},{"id":91530,"name":"General's Ancient Helm","main":3000,"append":501},{"id":91540,"name":"Flower of Accolades","main":4000,"append":501},{"id":91550,"name":"Orichalceous Time-Dial","main":1000,"append":501}]}},{"id":15018,"name":"Pale Flame","contains":{"4":[{"id":92410,"name":"Surpassing Cup","main":5000,"append":401},{"id":92420,"name":"Wise Doctor's Pinion","main":2000,"append":401},{"id":92430,"name":"Mocking Mask","main":3000,"append":401},{"id":92440,"name":"Stainless Bloom","main":4000,"append":401},{"id":92450,"name":"Moment of Cessation","main":1000,"append":401}],"5":[{"id":92510,"name":"Surpassing Cup","main":5000,"append":501},{"id":92520,"name":"Wise Doctor's Pinion","main":2000,"append":501},{"id":92530,"name":"Mocking Mask","main":3000,"append":501},{"id":92540,"name":"Stainless Bloom","main":4000,"append":501},{"id":92550,"name":"Moment of Cessation","main":1000,"append":501}]}},{"id":15019,"name":"Shimenawa's Reminiscence","contains":{"4":[{"id":93413,"name":"Hopeful Heart","main":5000,"append":401},{"id":93423,"name":"Shaft of Remembrance","main":2000,"append":401},{"id":93433,"name":"Capricious Visage","main":3000,"append":401},{"id":93443,"name":"Entangling Bloom","main":4000,"append":401},{"id":93453,"name":"Morning Dew's Moment","main":1000,"append":401}],"5":[{"id":93513,"name":"Hopeful Heart","main":5000,"append":501},{"id":93523,"name":"Shaft of Remembrance","main":2000,"append":501},{"id":93533,"name":"Capricious Visage","main":3000,"append":501},{"id":93543,"name":"Entangling Bloom","main":4000,"append":501},{"id":93553,"name":"Morning Dew's Moment","main":1000,"append":501}]}},{"id":15020,"name":"Emblem of Severed Fate","contains":{"4":[{"id":94413,"name":"Scarlet Vessel","main":5000,"append":401},{"id":94423,"name":"Sundered Feather","main":2000,"append":401},{"id":94433,"name":"Ornate Kabuto","main":3000,"append":401},{"id":94443,"name":"Magnificent Tsuba","main":4000,"append":401},{"id":94453,"name":"Storm Cage","main":1000,"append":401}],"5":[{"id":94513,"name":"Scarlet Vessel","main":5000,"append":501},{"id":94523,"name":"Sundered Feather","main":2000,"append":501},{"id":94533,"name":"Ornate Kabuto","main":3000,"append":501},{"id":94543,"name":"Magnificent Tsuba","main":4000,"append":501},{"id":94553,"name":"Storm Cage","main":1000,"append":501}]}},{"id":15021,"name":"Husk of Opulent Dreams","contains":{"4":[{"id":95413,"name":"Calabash of Awakening","main":5000,"append":401},{"id":95423,"name":"Plume of Luxury","main":2000,"append":401},{"id":95433,"name":"Skeletal Hat","main":3000,"append":401},{"id":95443,"name":"Bloom Times","main":4000,"append":401},{"id":95453,"name":"Song of Life","main":1000,"append":401}],"5":[{"id":95513,"name":"Calabash of Awakening","main":5000,"append":501},{"id":95523,"name":"Plume of Luxury","main":2000,"append":501},{"id":95533,"name":"Skeletal Hat","main":3000,"append":501},{"id":95543,"name":"Bloom Times","main":4000,"append":501},{"id":95553,"name":"Song of Life","main":1000,"append":501}]}},{"id":15022,"name":"Ocean-Hued Clam","contains":{"4":[{"id":96413,"name":"Pearl Cage","main":5000,"append":401},{"id":96423,"name":"Deep Palace's Plume","main":2000,"append":401},{"id":96433,"name":"Crown of Watatsumi","main":3000,"append":401},{"id":96443,"name":"Sea-Dyed Blossom","main":4000,"append":401},{"id":96453,"name":"Cowry of Parting","main":1000,"append":401}],"5":[{"id":96513,"name":"Pearl Cage","main":5000,"append":501},{"id":96523,"name":"Deep Palace's Plume","main":2000,"append":501},{"id":96533,"name":"Crown of Watatsumi","main":3000,"append":501},{"id":96543,"name":"Sea-Dyed Blossom","main":4000,"append":501},{"id":96553,"name":"Cowry of Parting","main":1000,"append":501}]}},{"id":15023,"name":"Vermillion Hereafter","contains":{"4":[{"id":97413,"name":"Moment of the Pact","main":5000,"append":401},{"id":97423,"name":"Feather of Nascent Light","main":2000,"append":401},{"id":97433,"name":"Thundering Poise","main":3000,"append":401},{"id":97443,"name":"Flowering Life","main":4000,"append":401},{"id":97453,"name":"Solar Relic","main":1000,"append":401}],"5":[{"id":97513,"name":"Moment of the Pact","main":5000,"append":501},{"id":97523,"name":"Feather of Nascent Light","main":2000,"append":501},{"id":97533,"name":"Thundering Poise","main":3000,"append":501},{"id":97543,"name":"Flowering Life","main":4000,"append":501},{"id":97553,"name":"Solar Relic","main":1000,"append":501}]}},{"id":15024,"name":"Echoes of an Offering","contains":{"4":[{"id":98413,"name":"Chalice of the Font","main":5000,"append":401},{"id":98423,"name":"Jade Leaf","main":2000,"append":401},{"id":98433,"name":"Flowing Rings","main":3000,"append":401},{"id":98443,"name":"Soulscent Bloom","main":4000,"append":401},{"id":98453,"name":"Symbol of Felicitation","main":1000,"append":401}],"5":[{"id":98513,"name":"Chalice of the Font","main":5000,"append":501},{"id":98523,"name":"Jade Leaf","main":2000,"append":501},{"id":98533,"name":"Flowing Rings","main":3000,"append":501},{"id":98543,"name":"Soulscent Bloom","main":4000,"append":501},{"id":98553,"name":"Symbol of Felicitation","main":1000,"append":501}]}},{"id":15000,"contains":{"6":[{"id":99340,"name":"Lord of Wind over Firmament's Flower","main":4000,"append":301},{"id":99320,"name":"Lord of Wind over Firmament's Feather","main":2000,"append":301},{"id":99350,"name":"Lord of Wind over Firmament's Hourglass","main":1000,"append":301},{"id":99310,"name":"Lord of Wind over Firmament's Cup","main":5000,"append":301},{"id":99330,"name":"Lord of Wind over Firmament's Crown","main":3000,"append":301}]}}]