{"1000":{"HP":{"normal":10001,"percent":10002},"ATTACK":{"normal":10003,"percent":10004},"DEFENSE":{"normal":10005,"percent":10006},"CHARGE_EFFICIENCY":{"normal":10007},"ELEMENT_MASTERY":{"normal":10008},"FIRE_SUB_HURT":{"normal":10009},"ELEC_SUB_HURT":{"normal":10010},"ICE_SUB_HURT":{"normal":10011},"WATER_SUB_HURT":{"normal":10012},"WIND_SUB_HURT":{"normal":10013},"ROCK_SUB_HURT":{"normal":10014},"GRASS_SUB_HURT":{"normal":10015}},"1095":{"ELEMENT_MASTERY":{"normal":10950}},"1096":{"CHARGE_EFFICIENCY":{"normal":10960}},"1097":{"DEFENSE":{"percent":10970}},"1098":{"HP":{"percent":10980}},"1099":{"ATTACK":{"percent":10990}},"2000":{"ATTACK":{"normal":12001}},"3000":{"HP":{"normal":13001,"percent":13002},"ATTACK":{"normal":13003,"percent":13004},"DEFENSE":{"normal":13005,"percent":13006},"CRITICAL":{"normal":13007},"CRITICAL_HURT":{"normal":13008},"HEAL_ADD":{"normal":13009},"ELEMENT_MASTERY":{"normal":13010}},"3093":{"ELEMENT_MASTERY":{"normal":30930}},"3094":{"HEAL_ADD":{"normal":30940}},"3095":{"CRITICAL_HURT":{"normal":30950}},"3096":{"CRITICAL":{"normal":30960}},"3097":{"DEFENSE":{"percent":30970}},"3098":{"HP":{"percent":30980}},"3099":{"ATTACK":{"percent":30990}},"4000":{"HP":{"normal":14001}},"5000":{"HP":{"normal":15001,"percent":15002},"ATTACK":{"normal":15003,"percent":15004},"DEFENSE":{"normal":15005,"percent":15006},"ELEMENT_MASTERY":{"normal":15007},"FIRE_ADD_HURT":{"normal":15008},"ELEC_ADD_HURT":{"normal":15009},"ICE_ADD_HURT":{"normal":15010},"WATER_ADD_HURT":{"normal":15011},"WIND_ADD_HURT":{"normal":15012},"ROCK_ADD_HURT":{"normal":15013},"GRASS_ADD_HURT":{"normal":15014},"PHYSICAL_ADD_HURT":{"normal":15015}},"5088":{"ELEMENT_MASTERY":{"normal":50880}},"5089":{"PHYSICAL_ADD_HURT":{"normal":50890}},"5090":{"GRASS_ADD_HURT":{"normal":50900}},"5091":{"ROCK_ADD_HURT":{"normal":50910}},"5092":{"WIND_ADD_HURT":{"normal":50920}},"5093":{"WATER_ADD_HURT":{"normal":50930}},"5094":{"ICE_ADD_HURT":{"normal":50940}},"5095":{"ELEC_ADD_HURT":{"normal":50950}},"5096":{"FIRE_ADD_HURT":{"normal":50960}},"5097":{"DEFENSE":{"percent":50970}},"5098":{"HP":{"percent":50980}},"5099":{"ATTACK":{"percent":50990}}}