[{"id":11101,"name":"Dull Blade","level":1},{"id":11201,"name":"Silver Sword","level":2},{"id":11301,"name":"Cool Steel","level":3},{"id":11302,"name":"Harbinger of Dawn","level":3},{"id":11303,"name":"Traveler's Handy Sword","level":3},{"id":11304,"name":"Dark Iron Sword","level":3},{"id":11305,"name":"Fillet Blade","level":3},{"id":11306,"name":"Skyrider Sword","level":3},{"id":11401,"name":"Favonius Sword","level":4},{"id":11402,"name":"The Flute","level":4},{"id":11403,"name":"Sacrificial Sword","level":4},{"id":11404,"name":"Royal Longsword","level":4},{"id":11405,"name":"Lion's Roar","level":4},{"id":11406,"name":"Prototype Rancour","level":4},{"id":11407,"name":"Iron Sting","level":4},{"id":11408,"name":"Blackcliff Longsword","level":4},{"id":11409,"name":"The Black Sword","level":4},{"id":11410,"name":"The Alley Flash","level":4},{"id":11412,"name":"Sword of Descension","level":4},{"id":11413,"name":"Festering Desire","level":4},{"id":11414,"name":"Amenoma Kageuchi","level":4},{"id":11415,"name":"Cinnabar Spindle","level":4},{"id":11501,"name":"Aquila Favonia","level":5},{"id":11502,"name":"Skyward Blade","level":5},{"id":11503,"name":"Freedom-Sworn","level":5},{"id":11504,"name":"Summit Shaper","level":5},{"id":11505,"name":"Primordial Jade Cutter","level":5},{"id":11509,"name":"Mistsplitter Reforged","level":5},{"id":11510,"name":"Haran Geppaku Futsu","level":5},{"id":12101,"name":"Waster Greatsword","level":1},{"id":12201,"name":"Old Merc's Pal","level":2},{"id":12301,"name":"Ferrous Shadow","level":3},{"id":12302,"name":"Bloodtainted Greatsword","level":3},{"id":12303,"name":"White Iron Greatsword","level":3},{"id":12304,"name":"Quartz","level":3},{"id":12305,"name":"Debate Club","level":3},{"id":12306,"name":"Skyrider Greatsword","level":3},{"id":12401,"name":"Favonius Greatsword","level":4},{"id":12402,"name":"The Bell","level":4},{"id":12403,"name":"Sacrificial Greatsword","level":4},{"id":12404,"name":"Royal Greatsword","level":4},{"id":12405,"name":"Rainslasher","level":4},{"id":12406,"name":"Prototype Archaic","level":4},{"id":12407,"name":"Whiteblind","level":4},{"id":12408,"name":"Blackcliff Slasher","level":4},{"id":12409,"name":"Serpent Spine","level":4},{"id":12410,"name":"Lithic Blade","level":4},{"id":12411,"name":"Snow-Tombed Starsilver","level":4},{"id":12412,"name":"Luxurious Sea-Lord","level":4},{"id":12414,"name":"Katsuragikiri Nagamasa","level":4},{"id":12416,"name":"Akuoumaru","level":4},{"id":12501,"name":"Skyward Pride","level":5},{"id":12502,"name":"Wolf's Gravestone","level":5},{"id":12503,"name":"Song of Broken Pines","level":5},{"id":12504,"name":"The Unforged","level":5},{"id":12510,"name":"Redhorn Stonethresher","level":5},{"id":13101,"name":"Beginner's Protector","level":1},{"id":13201,"name":"Iron Point","level":2},{"id":13301,"name":"White Tassel","level":3},{"id":13302,"name":"Halberd","level":3},{"id":13303,"name":"Black Tassel","level":3},{"id":13304,"name":"The Flagstaff","level":3},{"id":13401,"name":"Dragon's Bane","level":4},{"id":13402,"name":"Prototype Starglitter","level":4},{"id":13403,"name":"Crescent Pike","level":4},{"id":13404,"name":"Blackcliff Pole","level":4},{"id":13405,"name":"Deathmatch","level":4},{"id":13406,"name":"Lithic Spear","level":4},{"id":13407,"name":"Favonius Lance","level":4},{"id":13408,"name":"Royal Spear","level":4},{"id":13409,"name":"Dragonspine Spear","level":4},{"id":13414,"name":"Kitain Cross Spear","level":4},{"id":13415,"name":"\"The Catch\"","level":4},{"id":13416,"name":"Wavebreaker's Fin","level":4},{"id":13501,"name":"Staff of Homa","level":5},{"id":13502,"name":"Skyward Spine","level":5},{"id":13504,"name":"Vortex Vanquisher","level":5},{"id":13505,"name":"Primordial Jade Winged-Spear","level":5},{"id":13507,"name":"Calamity Queller","level":5},{"id":13509,"name":"Engulfing Lightning","level":5},{"id":14101,"name":"Apprentice's Notes","level":1},{"id":14201,"name":"Pocket Grimoire","level":2},{"id":14301,"name":"Magic Guide","level":3},{"id":14302,"name":"Thrilling Tales of Dragon Slayers","level":3},{"id":14303,"name":"Otherworldly Story","level":3},{"id":14304,"name":"Emerald Orb","level":3},{"id":14305,"name":"Twin Nephrite","level":3},{"id":14306,"name":"Amber Bead","level":3},{"id":14401,"name":"Favonius Codex","level":4},{"id":14402,"name":"The Widsith","level":4},{"id":14403,"name":"Sacrificial Fragments","level":4},{"id":14404,"name":"Royal Grimoire","level":4},{"id":14405,"name":"Solar Pearl","level":4},{"id":14406,"name":"Prototype Amber","level":4},{"id":14407,"name":"Mappa Mare","level":4},{"id":14408,"name":"Blackcliff Agate","level":4},{"id":14409,"name":"Eye of Perception","level":4},{"id":14410,"name":"Wine and Song","level":4},{"id":14412,"name":"Frostbearer","level":4},{"id":14413,"name":"Dodoco Tales","level":4},{"id":14414,"name":"Hakushin Ring","level":4},{"id":14415,"name":"Oathsworn Eye","level":4},{"id":14501,"name":"Skyward Atlas","level":5},{"id":14502,"name":"Lost Prayer to the Sacred Winds","level":5},{"id":14504,"name":"Memory of Dust","level":5},{"id":14506,"name":"Everlasting Moonglow","level":5},{"id":14509,"name":"Kagura's Verity","level":5},{"id":15101,"name":"Hunter's Bow","level":1},{"id":15201,"name":"Seasoned Hunter's Bow","level":2},{"id":15301,"name":"Raven Bow","level":3},{"id":15302,"name":"Sharpshooter's Oath","level":3},{"id":15303,"name":"Recurve Bow","level":3},{"id":15304,"name":"Slingshot","level":3},{"id":15305,"name":"Messenger","level":3},{"id":15306,"name":"Ebony Bow","level":3},{"id":15401,"name":"Favonius Warbow","level":4},{"id":15402,"name":"The Stringless","level":4},{"id":15403,"name":"Sacrificial Bow","level":4},{"id":15404,"name":"Royal Bow","level":4},{"id":15405,"name":"Rust","level":4},{"id":15406,"name":"Prototype Crescent","level":4},{"id":15407,"name":"Compound Bow","level":4},{"id":15408,"name":"Blackcliff Warbow","level":4},{"id":15409,"name":"The Viridescent Hunt","level":4},{"id":15410,"name":"Alley Hunter","level":4},{"id":15412,"name":"Mitternachts Waltz","level":4},{"id":15413,"name":"Windblume Ode","level":4},{"id":15414,"name":"Hamayumi","level":4},{"id":15415,"name":"Predator","level":4},{"id":15416,"name":"Mouun's Moon","level":4},{"id":15501,"name":"Skyward Harp","level":5},{"id":15502,"name":"Amos' Bow","level":5},{"id":15503,"name":"Elegy for the End","level":5},{"id":15507,"name":"Polar Star","level":5},{"id":15509,"name":"Thundering Pulse","level":5},{"id":20001,"name":"","level":5},{"id":10002,"name":"","level":1},{"id":10003,"name":"","level":1},{"id":10004,"name":"","level":1},{"id":10005,"name":"","level":1},{"id":10006,"name":"","level":1},{"id":10008,"name":"","level":1}]