[{"id":11101,"name":"无锋剑","level":1},{"id":11201,"name":"银剑","level":2},{"id":11301,"name":"冷刃","level":3},{"id":11302,"name":"黎明神剑","level":3},{"id":11303,"name":"旅行剑","level":3},{"id":11304,"name":"暗铁剑","level":3},{"id":11305,"name":"吃虎鱼刀","level":3},{"id":11306,"name":"飞天御剑","level":3},{"id":11401,"name":"西风剑","level":4},{"id":11402,"name":"笛剑","level":4},{"id":11403,"name":"祭礼剑","level":4},{"id":11404,"name":"宗室长剑","level":4},{"id":11405,"name":"匣里龙吟","level":4},{"id":11406,"name":"试作斩岩","level":4},{"id":11407,"name":"铁蜂刺","level":4},{"id":11408,"name":"黑岩长剑","level":4},{"id":11409,"name":"黑剑","level":4},{"id":11410,"name":"暗巷闪光","level":4},{"id":11412,"name":"降临之剑","level":4},{"id":11413,"name":"腐殖之剑","level":4},{"id":11414,"name":"天目影打刀","level":4},{"id":11415,"name":"辰砂之纺锤","level":4},{"id":11501,"name":"风鹰剑","level":5},{"id":11502,"name":"天空之刃","level":5},{"id":11503,"name":"苍古自由之誓","level":5},{"id":11504,"name":"斫峰之刃","level":5},{"id":11505,"name":"磐岩结绿","level":5},{"id":11509,"name":"雾切之回光","level":5},{"id":11510,"name":"波乱月白经津","level":5},{"id":12101,"name":"训练大剑","level":1},{"id":12201,"name":"佣兵重剑","level":2},{"id":12301,"name":"铁影阔剑","level":3},{"id":12302,"name":"沐浴龙血的剑","level":3},{"id":12303,"name":"白铁大剑","level":3},{"id":12304,"name":"石英大剑","level":3},{"id":12305,"name":"以理服人","level":3},{"id":12306,"name":"飞天大御剑","level":3},{"id":12401,"name":"西风大剑","level":4},{"id":12402,"name":"钟剑","level":4},{"id":12403,"name":"祭礼大剑","level":4},{"id":12404,"name":"宗室大剑","level":4},{"id":12405,"name":"雨裁","level":4},{"id":12406,"name":"试作古华","level":4},{"id":12407,"name":"白影剑","level":4},{"id":12408,"name":"黑岩斩刀","level":4},{"id":12409,"name":"螭骨剑","level":4},{"id":12410,"name":"千岩古剑","level":4},{"id":12411,"name":"雪葬的星银","level":4},{"id":12412,"name":"衔珠海皇","level":4},{"id":12414,"name":"桂木斩长正","level":4},{"id":12416,"name":"恶王丸","level":4},{"id":12501,"name":"天空之傲","level":5},{"id":12502,"name":"狼的末路","level":5},{"id":12503,"name":"松籁响起之时","level":5},{"id":12504,"name":"无工之剑","level":5},{"id":12510,"name":"赤角石溃杵","level":5},{"id":13101,"name":"新手长枪","level":1},{"id":13201,"name":"铁尖枪","level":2},{"id":13301,"name":"白缨枪","level":3},{"id":13302,"name":"钺矛","level":3},{"id":13303,"name":"黑缨枪","level":3},{"id":13304,"name":"「旗杆」","level":3},{"id":13401,"name":"匣里灭辰","level":4},{"id":13402,"name":"试作星镰","level":4},{"id":13403,"name":"流月针","level":4},{"id":13404,"name":"黑岩刺枪","level":4},{"id":13405,"name":"决斗之枪","level":4},{"id":13406,"name":"千岩长枪","level":4},{"id":13407,"name":"西风长枪","level":4},{"id":13408,"name":"宗室猎枪","level":4},{"id":13409,"name":"龙脊长枪","level":4},{"id":13414,"name":"喜多院十文字","level":4},{"id":13415,"name":"「渔获」","level":4},{"id":13416,"name":"断浪长鳍","level":4},{"id":13501,"name":"护摩之杖","level":5},{"id":13502,"name":"天空之脊","level":5},{"id":13504,"name":"贯虹之槊","level":5},{"id":13505,"name":"和璞鸢","level":5},{"id":13507,"name":"息灾","level":5},{"id":13509,"name":"薙草之稻光","level":5},{"id":14101,"name":"学徒笔记","level":1},{"id":14201,"name":"口袋魔导书","level":2},{"id":14301,"name":"魔导绪论","level":3},{"id":14302,"name":"讨龙英杰谭","level":3},{"id":14303,"name":"异世界行记","level":3},{"id":14304,"name":"翡玉法球","level":3},{"id":14305,"name":"甲级宝珏","level":3},{"id":14306,"name":"琥珀玥","level":3},{"id":14401,"name":"西风秘典","level":4},{"id":14402,"name":"流浪乐章","level":4},{"id":14403,"name":"祭礼残章","level":4},{"id":14404,"name":"宗室秘法录","level":4},{"id":14405,"name":"匣里日月","level":4},{"id":14406,"name":"试作金珀","level":4},{"id":14407,"name":"万国诸海图谱","level":4},{"id":14408,"name":"黑岩绯玉","level":4},{"id":14409,"name":"昭心","level":4},{"id":14410,"name":"暗巷的酒与诗","level":4},{"id":14412,"name":"忍冬之果","level":4},{"id":14413,"name":"嘟嘟可故事集","level":4},{"id":14414,"name":"白辰之环","level":4},{"id":14415,"name":"证誓之明瞳","level":4},{"id":14501,"name":"天空之卷","level":5},{"id":14502,"name":"四风原典","level":5},{"id":14504,"name":"尘世之锁","level":5},{"id":14506,"name":"不灭月华","level":5},{"id":14509,"name":"神乐之真意","level":5},{"id":15101,"name":"猎弓","level":1},{"id":15201,"name":"历练的猎弓","level":2},{"id":15301,"name":"鸦羽弓","level":3},{"id":15302,"name":"神射手之誓","level":3},{"id":15303,"name":"反曲弓","level":3},{"id":15304,"name":"弹弓","level":3},{"id":15305,"name":"信使","level":3},{"id":15306,"name":"黑檀弓","level":3},{"id":15401,"name":"西风猎弓","level":4},{"id":15402,"name":"绝弦","level":4},{"id":15403,"name":"祭礼弓","level":4},{"id":15404,"name":"宗室长弓","level":4},{"id":15405,"name":"弓藏","level":4},{"id":15406,"name":"试作澹月","level":4},{"id":15407,"name":"钢轮弓","level":4},{"id":15408,"name":"黑岩战弓","level":4},{"id":15409,"name":"苍翠猎弓","level":4},{"id":15410,"name":"暗巷猎手","level":4},{"id":15412,"name":"幽夜华尔兹","level":4},{"id":15413,"name":"风花之颂","level":4},{"id":15414,"name":"破魔之弓","level":4},{"id":15415,"name":"掠食者","level":4},{"id":15416,"name":"曚云之月","level":4},{"id":15501,"name":"天空之翼","level":5},{"id":15502,"name":"阿莫斯之弓","level":5},{"id":15503,"name":"终末嗟叹之诗","level":5},{"id":15507,"name":"冬极白星","level":5},{"id":15509,"name":"飞雷之弦振","level":5},{"id":20001,"name":"(test)竿测试","level":5},{"id":10002,"name":"(test)穿模测试","level":1},{"id":10003,"name":"(test)穿模测试","level":1},{"id":10004,"name":"(test)穿模测试","level":1},{"id":10005,"name":"(test)穿模测试","level":1},{"id":10006,"name":"(test)穿模测试","level":1},{"id":10008,"name":"(test)穿模测试","level":1}]